seed,task,layer,examples_per_class,task_category,family,n_probe_train,comparison,test_accuracy,test_macro_f1,test_balanced_accuracy
42,tops_four_way,conv1,5,within_tops,fine,20,fine_minus_random,0.04349999999999998,0.04083438793898142,0.04349999999999998
42,tops_four_way,conv2,5,within_tops,fine,20,fine_minus_random,0.05349999999999999,0.057547883747865736,0.05349999999999999
42,tops_four_way,fc,5,within_tops,fine,20,fine_minus_random,0.21499999999999997,0.21539211892335453,0.21499999999999997
42,tops_four_way,conv1,10,within_tops,fine,40,fine_minus_random,0.019000000000000017,0.011148422990962747,0.019000000000000128
42,tops_four_way,conv2,10,within_tops,fine,40,fine_minus_random,0.02774999999999994,0.03518939038975555,0.02774999999999994
42,tops_four_way,fc,10,within_tops,fine,40,fine_minus_random,0.253,0.25451882623876565,0.253
42,tops_four_way,conv1,30,within_tops,fine,120,fine_minus_random,0.007249999999999979,0.0048107162699799755,0.007249999999999979
42,tops_four_way,conv2,30,within_tops,fine,120,fine_minus_random,0.03275000000000006,0.032928388326945,0.032749999999999946
42,tops_four_way,fc,30,within_tops,fine,120,fine_minus_random,0.20800000000000007,0.20807035262947804,0.20800000000000007
42,tops_four_way,conv1,100,within_tops,fine,400,fine_minus_random,0.01750000000000007,0.017976382538600122,0.01749999999999985
42,tops_four_way,conv2,100,within_tops,fine,400,fine_minus_random,0.062249999999999917,0.061419819882562066,0.06225000000000014
42,tops_four_way,fc,100,within_tops,fine,400,fine_minus_random,0.18274999999999997,0.18331610020952271,0.18275000000000008
42,tshirt_vs_pullover,conv1,5,within_tops,fine,10,fine_minus_random,0.016000000000000014,0.014710018978011163,0.016000000000000014
42,tshirt_vs_pullover,conv2,5,within_tops,fine,10,fine_minus_random,0.02399999999999991,0.023991790735984342,0.02399999999999991
42,tshirt_vs_pullover,fc,5,within_tops,fine,10,fine_minus_random,0.029000000000000026,0.02899804516025295,0.028999999999999915
42,tshirt_vs_pullover,conv1,10,within_tops,fine,20,fine_minus_random,0.0050000000000000044,0.0038978606368641477,0.004999999999999893
42,tshirt_vs_pullover,conv2,10,within_tops,fine,20,fine_minus_random,-0.033499999999999974,-0.033846836493888866,-0.033499999999999974
42,tshirt_vs_pullover,fc,10,within_tops,fine,20,fine_minus_random,0.015000000000000013,0.015010060679047976,0.015000000000000013
42,tshirt_vs_pullover,conv1,30,within_tops,fine,60,fine_minus_random,0.015499999999999958,0.015505599511978496,0.015499999999999958
42,tshirt_vs_pullover,conv2,30,within_tops,fine,60,fine_minus_random,0.0024999999999999467,0.0024845061931747514,0.0024999999999999467
42,tshirt_vs_pullover,fc,30,within_tops,fine,60,fine_minus_random,0.014500000000000068,0.014523921738995416,0.014499999999999957
42,tshirt_vs_pullover,conv1,100,within_tops,fine,200,fine_minus_random,0.00649999999999995,0.00650009337521007,0.006500000000000061
42,tshirt_vs_pullover,conv2,100,within_tops,fine,200,fine_minus_random,0.0004999999999999449,0.0005002183765802082,0.000500000000000056
42,tshirt_vs_pullover,fc,100,within_tops,fine,200,fine_minus_random,0.015499999999999958,0.015496911327011809,0.01550000000000007
42,tshirt_vs_coat,conv1,5,within_tops,fine,10,fine_minus_random,0.03649999999999998,0.03606910829808063,0.03649999999999998
42,tshirt_vs_coat,conv2,5,within_tops,fine,10,fine_minus_random,-0.009000000000000008,-0.009742796337168125,-0.009000000000000008
42,tshirt_vs_coat,fc,5,within_tops,fine,10,fine_minus_random,0.08250000000000002,0.0836254852784466,0.08250000000000002
42,tshirt_vs_coat,conv1,10,within_tops,fine,20,fine_minus_random,0.010499999999999954,0.010557129038294644,0.010500000000000065
42,tshirt_vs_coat,conv2,10,within_tops,fine,20,fine_minus_random,0.025000000000000022,0.025237356568352354,0.025000000000000022
42,tshirt_vs_coat,fc,10,within_tops,fine,20,fine_minus_random,0.09000000000000008,0.09051252227475837,0.08999999999999997
42,tshirt_vs_coat,conv1,30,within_tops,fine,60,fine_minus_random,0.03049999999999997,0.03046653650379416,0.03049999999999997
42,tshirt_vs_coat,conv2,30,within_tops,fine,60,fine_minus_random,0.022499999999999964,0.022510884008645426,0.022499999999999964
42,tshirt_vs_coat,fc,30,within_tops,fine,60,fine_minus_random,0.0655,0.06555401241883507,0.0655
42,tshirt_vs_coat,conv1,100,within_tops,fine,200,fine_minus_random,0.0010000000000000009,0.0010001562744178516,0.0009999999999998899
42,tshirt_vs_coat,conv2,100,within_tops,fine,200,fine_minus_random,0.010499999999999954,0.010502507455969923,0.010500000000000065
42,tshirt_vs_coat,fc,100,within_tops,fine,200,fine_minus_random,0.020500000000000074,0.020508200045440628,0.020500000000000074
42,tshirt_vs_shirt,conv1,5,within_tops,fine,10,fine_minus_random,0.023500000000000076,0.021344107448117322,0.023500000000000076
42,tshirt_vs_shirt,conv2,5,within_tops,fine,10,fine_minus_random,0.029000000000000026,0.028377386935454885,0.029000000000000137
42,tshirt_vs_shirt,fc,5,within_tops,fine,10,fine_minus_random,0.08499999999999996,0.08361417180749842,0.08499999999999996
42,tshirt_vs_shirt,conv1,10,within_tops,fine,20,fine_minus_random,-0.010000000000000009,-0.013189121024508865,-0.010000000000000009
42,tshirt_vs_shirt,conv2,10,within_tops,fine,20,fine_minus_random,0.01649999999999996,0.017166625183814843,0.01650000000000007
42,tshirt_vs_shirt,fc,10,within_tops,fine,20,fine_minus_random,0.034500000000000086,0.030276187282630818,0.034499999999999975
42,tshirt_vs_shirt,conv1,30,within_tops,fine,60,fine_minus_random,-0.01100000000000001,-0.013131308141268172,-0.010999999999999899
42,tshirt_vs_shirt,conv2,30,within_tops,fine,60,fine_minus_random,-0.008000000000000007,-0.007947197480876467,-0.008000000000000007
42,tshirt_vs_shirt,fc,30,within_tops,fine,60,fine_minus_random,0.055499999999999994,0.05680979777985895,0.055500000000000105
42,tshirt_vs_shirt,conv1,100,within_tops,fine,200,fine_minus_random,0.019000000000000017,0.019022641699282472,0.019000000000000017
42,tshirt_vs_shirt,conv2,100,within_tops,fine,200,fine_minus_random,0.02200000000000002,0.02222854652779116,0.02200000000000002
42,tshirt_vs_shirt,fc,100,within_tops,fine,200,fine_minus_random,0.07650000000000001,0.07824083652524894,0.07650000000000001
42,pullover_vs_coat,conv1,5,within_tops,fine,10,fine_minus_random,-0.014499999999999957,-0.01658544257705108,-0.014500000000000068
42,pullover_vs_coat,conv2,5,within_tops,fine,10,fine_minus_random,0.136,0.1359684355560017,0.136
42,pullover_vs_coat,fc,5,within_tops,fine,10,fine_minus_random,0.3365,0.33877853639724553,0.3365
42,pullover_vs_coat,conv1,10,within_tops,fine,20,fine_minus_random,0.05799999999999994,0.05867439028989807,0.05800000000000005
42,pullover_vs_coat,conv2,10,within_tops,fine,20,fine_minus_random,0.07850000000000001,0.08004732181643448,0.07850000000000001
42,pullover_vs_coat,fc,10,within_tops,fine,20,fine_minus_random,0.29800000000000004,0.29992252666346,0.29800000000000004
42,pullover_vs_coat,conv1,30,within_tops,fine,60,fine_minus_random,0.008500000000000063,0.008516457171677483,0.008500000000000063
42,pullover_vs_coat,conv2,30,within_tops,fine,60,fine_minus_random,0.045499999999999985,0.046133098448873144,0.045499999999999985
42,pullover_vs_coat,fc,30,within_tops,fine,60,fine_minus_random,0.18000000000000005,0.1801976367670055,0.18000000000000005
42,pullover_vs_coat,conv1,100,within_tops,fine,200,fine_minus_random,0.029999999999999916,0.0298467656187682,0.030000000000000027
42,pullover_vs_coat,conv2,100,within_tops,fine,200,fine_minus_random,0.03749999999999998,0.037570274830011297,0.03749999999999998
42,pullover_vs_coat,fc,100,within_tops,fine,200,fine_minus_random,0.15500000000000003,0.15518499634102711,0.15500000000000003
42,pullover_vs_shirt,conv1,5,within_tops,fine,10,fine_minus_random,0.05499999999999994,0.05535302970264766,0.05499999999999994
42,pullover_vs_shirt,conv2,5,within_tops,fine,10,fine_minus_random,0.08500000000000008,0.11754056800026058,0.08499999999999996
42,pullover_vs_shirt,fc,5,within_tops,fine,10,fine_minus_random,0.14749999999999996,0.15030662413019202,0.14749999999999996
42,pullover_vs_shirt,conv1,10,within_tops,fine,20,fine_minus_random,0.008000000000000007,0.008070103874166512,0.008000000000000007
42,pullover_vs_shirt,conv2,10,within_tops,fine,20,fine_minus_random,0.09150000000000003,0.09167273862365655,0.09150000000000003
42,pullover_vs_shirt,fc,10,within_tops,fine,20,fine_minus_random,0.23850000000000005,0.23840996719193008,0.23849999999999993
42,pullover_vs_shirt,conv1,30,within_tops,fine,60,fine_minus_random,0.007000000000000006,0.00704241854503862,0.007000000000000006
42,pullover_vs_shirt,conv2,30,within_tops,fine,60,fine_minus_random,0.026499999999999968,0.02664561127968046,0.02650000000000008
42,pullover_vs_shirt,fc,30,within_tops,fine,60,fine_minus_random,0.15500000000000003,0.15499767600278114,0.15500000000000003
42,pullover_vs_shirt,conv1,100,within_tops,fine,200,fine_minus_random,0.010000000000000009,0.009982117319846773,0.010000000000000009
42,pullover_vs_shirt,conv2,100,within_tops,fine,200,fine_minus_random,0.033499999999999974,0.03356480702113318,0.033500000000000085
42,pullover_vs_shirt,fc,100,within_tops,fine,200,fine_minus_random,0.1615000000000001,0.16285902882473458,0.1615000000000001
42,coat_vs_shirt,conv1,5,within_tops,fine,10,fine_minus_random,-0.030000000000000027,-0.030558728660549095,-0.030000000000000027
42,coat_vs_shirt,conv2,5,within_tops,fine,10,fine_minus_random,-0.0025000000000000577,-0.0022643251293406053,-0.0024999999999999467
42,coat_vs_shirt,fc,5,within_tops,fine,10,fine_minus_random,0.1309999999999999,0.130690789252077,0.131
42,coat_vs_shirt,conv1,10,within_tops,fine,20,fine_minus_random,0.010000000000000009,0.010149327475952763,0.010000000000000009
42,coat_vs_shirt,conv2,10,within_tops,fine,20,fine_minus_random,0.03650000000000009,0.03655695300322814,0.03649999999999998
42,coat_vs_shirt,fc,10,within_tops,fine,20,fine_minus_random,0.1895,0.18998493007878248,0.1895
42,coat_vs_shirt,conv1,30,within_tops,fine,60,fine_minus_random,-0.0020000000000000018,-0.0020247356496974067,-0.0020000000000000018
42,coat_vs_shirt,conv2,30,within_tops,fine,60,fine_minus_random,0.01550000000000007,0.015969249142933517,0.01550000000000007
42,coat_vs_shirt,fc,30,within_tops,fine,60,fine_minus_random,0.16900000000000004,0.16956472637439501,0.16900000000000004
42,coat_vs_shirt,conv1,100,within_tops,fine,200,fine_minus_random,0.013000000000000012,0.012993316783246556,0.013000000000000123
42,coat_vs_shirt,conv2,100,within_tops,fine,200,fine_minus_random,0.02849999999999997,0.02848399631699028,0.02849999999999997
42,coat_vs_shirt,fc,100,within_tops,fine,200,fine_minus_random,0.137,0.1371105895521848,0.137
42,tshirt_vs_non_tops,conv1,5,cross_pooled,fine,10,fine_minus_random,-0.02471428571428569,-0.01592782936350101,0.019333333333333313
42,tshirt_vs_non_tops,conv2,5,cross_pooled,fine,10,fine_minus_random,-0.049000000000000044,-0.05276714689190576,-0.018583333333333396
42,tshirt_vs_non_tops,fc,5,cross_pooled,fine,10,fine_minus_random,0.06757142857142862,0.10201589200149441,0.07483333333333331
42,tshirt_vs_non_tops,conv1,10,cross_pooled,fine,20,fine_minus_random,0.05800000000000005,0.07600353792601866,0.059666666666666646
42,tshirt_vs_non_tops,conv2,10,cross_pooled,fine,20,fine_minus_random,-0.012428571428571455,-0.015425133852575268,0.004416666666666735
42,tshirt_vs_non_tops,fc,10,cross_pooled,fine,20,fine_minus_random,0.01942857142857135,0.03712724744202334,0.04258333333333342
42,tshirt_vs_non_tops,conv1,30,cross_pooled,fine,60,fine_minus_random,0.03299999999999992,0.047592494125368257,0.01966666666666661
42,tshirt_vs_non_tops,conv2,30,cross_pooled,fine,60,fine_minus_random,-0.006714285714285673,-0.008895197836297775,0.0060833333333333295
42,tshirt_vs_non_tops,fc,30,cross_pooled,fine,60,fine_minus_random,0.017857142857142794,0.03371119047538862,0.03124999999999989
42,tshirt_vs_non_tops,conv1,100,cross_pooled,fine,200,fine_minus_random,-0.0024285714285713356,-0.003206913230742181,0.0040000000000000036
42,tshirt_vs_non_tops,conv2,100,cross_pooled,fine,200,fine_minus_random,0.013000000000000012,0.022824399663163297,0.01591666666666669
42,tshirt_vs_non_tops,fc,100,cross_pooled,fine,200,fine_minus_random,0.039142857142857146,0.07105407252634022,0.0432499999999999
42,pullover_vs_non_tops,conv1,5,cross_pooled,fine,10,fine_minus_random,-0.038142857142857145,-0.03852594403828258,0.016083333333333227
42,pullover_vs_non_tops,conv2,5,cross_pooled,fine,10,fine_minus_random,0.012142857142857122,0.01616882111262785,0.009583333333333277
42,pullover_vs_non_tops,fc,5,cross_pooled,fine,10,fine_minus_random,0.27542857142857147,0.3282795446799345,0.1585833333333334
42,pullover_vs_non_tops,conv1,10,cross_pooled,fine,20,fine_minus_random,0.031000000000000028,0.0431960892292389,0.009750000000000147
42,pullover_vs_non_tops,conv2,10,cross_pooled,fine,20,fine_minus_random,0.003285714285714225,0.00888449786594836,0.02358333333333329
42,pullover_vs_non_tops,fc,10,cross_pooled,fine,20,fine_minus_random,0.051999999999999935,0.08841570201742044,0.034083333333333354
42,pullover_vs_non_tops,conv1,30,cross_pooled,fine,60,fine_minus_random,0.0055714285714285605,0.008060565960227084,0.006166666666666654
42,pullover_vs_non_tops,conv2,30,cross_pooled,fine,60,fine_minus_random,0.009571428571428564,0.015347586246963085,0.003916666666666679
42,pullover_vs_non_tops,fc,30,cross_pooled,fine,60,fine_minus_random,0.034571428571428586,0.05896249714540691,0.027249999999999996
42,pullover_vs_non_tops,conv1,100,cross_pooled,fine,200,fine_minus_random,0.002571428571428558,0.004885321571495016,0.004833333333333356
42,pullover_vs_non_tops,conv2,100,cross_pooled,fine,200,fine_minus_random,0.0022857142857142243,0.004217910448981899,0.002583333333333382
42,pullover_vs_non_tops,fc,100,cross_pooled,fine,200,fine_minus_random,0.02314285714285713,0.04306645706774592,0.018916666666666693
42,coat_vs_non_tops,conv1,5,cross_pooled,fine,10,fine_minus_random,-0.06085714285714294,-0.06309276187686086,0.010750000000000037
42,coat_vs_non_tops,conv2,5,cross_pooled,fine,10,fine_minus_random,-0.0119999999999999,-0.012052792067344331,0.015083333333333337
42,coat_vs_non_tops,fc,5,cross_pooled,fine,10,fine_minus_random,0.061857142857142944,0.10370141419124668,0.05400000000000005
42,coat_vs_non_tops,conv1,10,cross_pooled,fine,20,fine_minus_random,0.030714285714285805,0.03986541313053826,0.016249999999999876
42,coat_vs_non_tops,conv2,10,cross_pooled,fine,20,fine_minus_random,0.005714285714285783,0.012009710459145673,0.018333333333333424
42,coat_vs_non_tops,fc,10,cross_pooled,fine,20,fine_minus_random,0.046428571428571486,0.08522216667252491,0.07666666666666666
42,coat_vs_non_tops,conv1,30,cross_pooled,fine,60,fine_minus_random,0.03271428571428581,0.04241835491909074,0.017000000000000015
42,coat_vs_non_tops,conv2,30,cross_pooled,fine,60,fine_minus_random,0.009571428571428564,0.017663114325102036,0.01849999999999996
42,coat_vs_non_tops,fc,30,cross_pooled,fine,60,fine_minus_random,0.0347142857142857,0.0649908205038553,0.0581666666666667
42,coat_vs_non_tops,conv1,100,cross_pooled,fine,200,fine_minus_random,0.0014285714285714457,0.0023301282983503313,0.0008333333333332416
42,coat_vs_non_tops,conv2,100,cross_pooled,fine,200,fine_minus_random,0.014428571428571346,0.023830115001454377,0.012166666666666659
42,coat_vs_non_tops,fc,100,cross_pooled,fine,200,fine_minus_random,0.041714285714285704,0.0736428814324741,0.044749999999999956
42,shirt_vs_non_tops,conv1,5,cross_pooled,fine,10,fine_minus_random,0.0012857142857142234,0.003861441435331181,0.009083333333333443
42,shirt_vs_non_tops,conv2,5,cross_pooled,fine,10,fine_minus_random,0.015000000000000013,0.005833654257972221,-0.03874999999999995
42,shirt_vs_non_tops,fc,5,cross_pooled,fine,10,fine_minus_random,0.07285714285714284,0.10046746362924741,0.057916666666666616
42,shirt_vs_non_tops,conv1,10,cross_pooled,fine,20,fine_minus_random,-0.008857142857142897,-0.009127496071376973,0.006916666666666682
42,shirt_vs_non_tops,conv2,10,cross_pooled,fine,20,fine_minus_random,-0.00914285714285723,-0.015647652217706476,-0.010750000000000037
42,shirt_vs_non_tops,fc,10,cross_pooled,fine,20,fine_minus_random,0.016142857142857125,0.029460563748925805,0.03483333333333327
42,shirt_vs_non_tops,conv1,30,cross_pooled,fine,60,fine_minus_random,-0.009571428571428564,-0.011555538096229223,0.00275000000000003
42,shirt_vs_non_tops,conv2,30,cross_pooled,fine,60,fine_minus_random,0.006571428571428561,0.008097790044951259,-0.007000000000000006
42,shirt_vs_non_tops,fc,30,cross_pooled,fine,60,fine_minus_random,0.040999999999999925,0.06968506431591392,0.044749999999999956
42,shirt_vs_non_tops,conv1,100,cross_pooled,fine,200,fine_minus_random,0.005857142857142894,0.010073179499319851,0.006333333333333302
42,shirt_vs_non_tops,conv2,100,cross_pooled,fine,200,fine_minus_random,0.02185714285714291,0.03403412928394023,0.011916666666666687
42,shirt_vs_non_tops,fc,100,cross_pooled,fine,200,fine_minus_random,0.03942857142857137,0.06701761611889978,0.03925000000000001
42,tops_four_way,conv1,5,within_tops,coarse,20,coarse_minus_random,0.035499999999999976,0.04089243373318885,0.035499999999999976
42,tops_four_way,conv2,5,within_tops,coarse,20,coarse_minus_random,0.013249999999999984,0.018295019065590334,0.013249999999999984
42,tops_four_way,fc,5,within_tops,coarse,20,coarse_minus_random,-0.01974999999999999,-0.025118363245404562,-0.019750000000000045
42,tops_four_way,conv1,10,within_tops,coarse,40,coarse_minus_random,0.007249999999999979,0.009805711218458413,0.007249999999999979
42,tops_four_way,conv2,10,within_tops,coarse,40,coarse_minus_random,0.021499999999999964,0.020241381628612443,0.021499999999999964
42,tops_four_way,fc,10,within_tops,coarse,40,coarse_minus_random,0.0015000000000000568,-0.005282585553939345,0.0015000000000000568
42,tops_four_way,conv1,30,within_tops,coarse,120,coarse_minus_random,-0.0045000000000000595,-0.0034114259313848816,-0.0044999999999999485
42,tops_four_way,conv2,30,within_tops,coarse,120,coarse_minus_random,0.014250000000000096,0.012950823624914398,0.014249999999999985
42,tops_four_way,fc,30,within_tops,coarse,120,coarse_minus_random,0.00725000000000009,0.010368625332216275,0.00725000000000009
42,tops_four_way,conv1,100,within_tops,coarse,400,coarse_minus_random,0.010750000000000037,0.010786720265804739,0.010749999999999926
42,tops_four_way,conv2,100,within_tops,coarse,400,coarse_minus_random,0.014499999999999957,0.013957755647955206,0.014500000000000068
42,tops_four_way,fc,100,within_tops,coarse,400,coarse_minus_random,0.00824999999999998,0.006559807086275793,0.00825000000000009
42,tshirt_vs_pullover,conv1,5,within_tops,coarse,10,coarse_minus_random,0.03400000000000003,0.033712624970234195,0.03400000000000003
42,tshirt_vs_pullover,conv2,5,within_tops,coarse,10,coarse_minus_random,0.00649999999999995,0.006477922742343378,0.00649999999999995
42,tshirt_vs_pullover,fc,5,within_tops,coarse,10,coarse_minus_random,-0.11099999999999999,-0.11224236071678995,-0.1110000000000001
42,tshirt_vs_pullover,conv1,10,within_tops,coarse,20,coarse_minus_random,-0.00649999999999995,-0.00748463473879557,-0.006500000000000172
42,tshirt_vs_pullover,conv2,10,within_tops,coarse,20,coarse_minus_random,-0.0004999999999999449,-0.0004656826925593105,-0.0004999999999999449
42,tshirt_vs_pullover,fc,10,within_tops,coarse,20,coarse_minus_random,-0.057499999999999996,-0.05838617676980706,-0.057499999999999885
42,tshirt_vs_pullover,conv1,30,within_tops,coarse,60,coarse_minus_random,0.026999999999999913,0.027001058754894336,0.026999999999999913
42,tshirt_vs_pullover,conv2,30,within_tops,coarse,60,coarse_minus_random,0.008499999999999952,0.008501232980433593,0.008499999999999952
42,tshirt_vs_pullover,fc,30,within_tops,coarse,60,coarse_minus_random,-0.0129999999999999,-0.013041920617100189,-0.0129999999999999
42,tshirt_vs_pullover,conv1,100,within_tops,coarse,200,coarse_minus_random,0.0024999999999999467,0.0024997423720510836,0.0025000000000000577
42,tshirt_vs_pullover,conv2,100,within_tops,coarse,200,coarse_minus_random,0.0014999999999999458,0.0014988193247793546,0.0015000000000000568
42,tshirt_vs_pullover,fc,100,within_tops,coarse,200,coarse_minus_random,-0.000500000000000056,-0.0004996235714014308,-0.0004999999999999449
42,tshirt_vs_coat,conv1,5,within_tops,coarse,10,coarse_minus_random,-0.0045000000000000595,-0.006023812809084483,-0.0044999999999999485
42,tshirt_vs_coat,conv2,5,within_tops,coarse,10,coarse_minus_random,0.0044999999999999485,0.004003183076711325,0.0044999999999999485
42,tshirt_vs_coat,fc,5,within_tops,coarse,10,coarse_minus_random,-0.02200000000000002,-0.023314813050290484,-0.02200000000000002
42,tshirt_vs_coat,conv1,10,within_tops,coarse,20,coarse_minus_random,0.0024999999999999467,0.002687789070170199,0.0025000000000000577
42,tshirt_vs_coat,conv2,10,within_tops,coarse,20,coarse_minus_random,0.025500000000000078,0.025734334941239667,0.025500000000000078
42,tshirt_vs_coat,fc,10,within_tops,coarse,20,coarse_minus_random,0.041000000000000036,0.04149513573403718,0.041000000000000036
42,tshirt_vs_coat,conv1,30,within_tops,coarse,60,coarse_minus_random,0.019999999999999907,0.019913813673397618,0.020000000000000018
42,tshirt_vs_coat,conv2,30,within_tops,coarse,60,coarse_minus_random,0.020499999999999963,0.02050786827281459,0.020499999999999963
42,tshirt_vs_coat,fc,30,within_tops,coarse,60,coarse_minus_random,0.03149999999999997,0.03153402390660831,0.03149999999999997
42,tshirt_vs_coat,conv1,100,within_tops,coarse,200,coarse_minus_random,0.0020000000000000018,0.0020014018173249992,0.0020000000000000018
42,tshirt_vs_coat,conv2,100,within_tops,coarse,200,coarse_minus_random,0.010000000000000009,0.010004056884809098,0.010000000000000009
42,tshirt_vs_coat,fc,100,within_tops,coarse,200,coarse_minus_random,-0.005499999999999949,-0.0055009112035999674,-0.005499999999999949
42,tshirt_vs_shirt,conv1,5,within_tops,coarse,10,coarse_minus_random,0.008000000000000007,0.00842849468641782,0.008000000000000007
42,tshirt_vs_shirt,conv2,5,within_tops,coarse,10,coarse_minus_random,0.02850000000000008,0.029044862464132404,0.02849999999999997
42,tshirt_vs_shirt,fc,5,within_tops,coarse,10,coarse_minus_random,0.033499999999999974,0.029754763120263816,0.033500000000000085
42,tshirt_vs_shirt,conv1,10,within_tops,coarse,20,coarse_minus_random,-0.01100000000000001,-0.010316717296435352,-0.010999999999999899
42,tshirt_vs_shirt,conv2,10,within_tops,coarse,20,coarse_minus_random,0.013499999999999956,0.013670807983469313,0.013499999999999956
42,tshirt_vs_shirt,fc,10,within_tops,coarse,20,coarse_minus_random,0.01650000000000007,0.015221186011399879,0.01649999999999996
42,tshirt_vs_shirt,conv1,30,within_tops,coarse,60,coarse_minus_random,0.0020000000000000018,0.002201709043957778,0.0020000000000000018
42,tshirt_vs_shirt,conv2,30,within_tops,coarse,60,coarse_minus_random,-0.0030000000000000027,-0.0027960803390971734,-0.0030000000000000027
42,tshirt_vs_shirt,fc,30,within_tops,coarse,60,coarse_minus_random,-0.006000000000000005,-0.006499084451053516,-0.006000000000000005
42,tshirt_vs_shirt,conv1,100,within_tops,coarse,200,coarse_minus_random,0.0015000000000000568,0.001306543081324829,0.0014999999999999458
42,tshirt_vs_shirt,conv2,100,within_tops,coarse,200,coarse_minus_random,0.0030000000000000027,0.003389723267072542,0.0030000000000000027
42,tshirt_vs_shirt,fc,100,within_tops,coarse,200,coarse_minus_random,0.0025000000000000577,0.003619815161727269,0.0024999999999999467
42,pullover_vs_coat,conv1,5,within_tops,coarse,10,coarse_minus_random,-0.03399999999999992,-0.03375292239830552,-0.03400000000000003
42,pullover_vs_coat,conv2,5,within_tops,coarse,10,coarse_minus_random,0.05049999999999999,0.05040842640363907,0.05049999999999999
42,pullover_vs_coat,fc,5,within_tops,coarse,10,coarse_minus_random,-0.008499999999999952,-0.012648515007005479,-0.008499999999999952
42,pullover_vs_coat,conv1,10,within_tops,coarse,20,coarse_minus_random,0.033499999999999974,0.03387630082290061,0.033500000000000085
42,pullover_vs_coat,conv2,10,within_tops,coarse,20,coarse_minus_random,-0.0040000000000000036,-0.01569280755574476,-0.0040000000000000036
42,pullover_vs_coat,fc,10,within_tops,coarse,20,coarse_minus_random,0.05300000000000005,0.05410631176281122,0.052999999999999936
42,pullover_vs_coat,conv1,30,within_tops,coarse,60,coarse_minus_random,-0.009000000000000008,-0.009132626192252413,-0.008999999999999897
42,pullover_vs_coat,conv2,30,within_tops,coarse,60,coarse_minus_random,0.044499999999999984,0.04522312221351743,0.044499999999999984
42,pullover_vs_coat,fc,30,within_tops,coarse,60,coarse_minus_random,0.03949999999999998,0.03970741563549951,0.03949999999999998
42,pullover_vs_coat,conv1,100,within_tops,coarse,200,coarse_minus_random,0.0119999999999999,0.011562248355460714,0.01200000000000001
42,pullover_vs_coat,conv2,100,within_tops,coarse,200,coarse_minus_random,0.0010000000000000009,0.000881845353125299,0.0010000000000000009
42,pullover_vs_coat,fc,100,within_tops,coarse,200,coarse_minus_random,0.03700000000000003,0.036789714624212655,0.03699999999999992
42,pullover_vs_shirt,conv1,5,within_tops,coarse,10,coarse_minus_random,0.04749999999999999,0.048218056828286726,0.04749999999999999
42,pullover_vs_shirt,conv2,5,within_tops,coarse,10,coarse_minus_random,0.050000000000000044,0.0812866655560055,0.050000000000000044
42,pullover_vs_shirt,fc,5,within_tops,coarse,10,coarse_minus_random,-0.06900000000000006,-0.06874075719595574,-0.06899999999999995
42,pullover_vs_shirt,conv1,10,within_tops,coarse,20,coarse_minus_random,-0.03749999999999998,-0.037589504730895174,-0.03749999999999998
42,pullover_vs_shirt,conv2,10,within_tops,coarse,20,coarse_minus_random,0.07099999999999995,0.05971449392550143,0.07099999999999995
42,pullover_vs_shirt,fc,10,within_tops,coarse,20,coarse_minus_random,-0.051999999999999935,-0.05450557347831109,-0.052000000000000046
42,pullover_vs_shirt,conv1,30,within_tops,coarse,60,coarse_minus_random,-0.01200000000000001,-0.012157481574859408,-0.01200000000000001
42,pullover_vs_shirt,conv2,30,within_tops,coarse,60,coarse_minus_random,0.03300000000000003,0.03323787828190006,0.03300000000000003
42,pullover_vs_shirt,fc,30,within_tops,coarse,60,coarse_minus_random,-0.10499999999999998,-0.10622704577970854,-0.10499999999999998
42,pullover_vs_shirt,conv1,100,within_tops,coarse,200,coarse_minus_random,0.012500000000000067,0.012584148983131538,0.012499999999999956
42,pullover_vs_shirt,conv2,100,within_tops,coarse,200,coarse_minus_random,0.0040000000000000036,0.003946373914103907,0.004000000000000115
42,pullover_vs_shirt,fc,100,within_tops,coarse,200,coarse_minus_random,0.011500000000000066,0.012825616013289687,0.011500000000000066
42,coat_vs_shirt,conv1,5,within_tops,coarse,10,coarse_minus_random,-0.08999999999999997,-0.0974441506328847,-0.08999999999999997
42,coat_vs_shirt,conv2,5,within_tops,coarse,10,coarse_minus_random,0.0024999999999999467,0.0024249223094776617,0.0024999999999999467
42,coat_vs_shirt,fc,5,within_tops,coarse,10,coarse_minus_random,-0.052000000000000046,-0.051948469519521145,-0.051999999999999935
42,coat_vs_shirt,conv1,10,within_tops,coarse,20,coarse_minus_random,0.01649999999999996,0.016598582922406013,0.01650000000000007
42,coat_vs_shirt,conv2,10,within_tops,coarse,20,coarse_minus_random,0.041000000000000036,0.0410339546858105,0.041000000000000036
42,coat_vs_shirt,fc,10,within_tops,coarse,20,coarse_minus_random,-0.0035000000000000586,-0.0035233878942865227,-0.0034999999999999476
42,coat_vs_shirt,conv1,30,within_tops,coarse,60,coarse_minus_random,0.0025000000000000577,0.00231614683316117,0.0024999999999999467
42,coat_vs_shirt,conv2,30,within_tops,coarse,60,coarse_minus_random,0.009500000000000064,0.009654906268996788,0.009500000000000064
42,coat_vs_shirt,fc,30,within_tops,coarse,60,coarse_minus_random,0.025499999999999967,0.026066774868230946,0.025500000000000078
42,coat_vs_shirt,conv1,100,within_tops,coarse,200,coarse_minus_random,0.014499999999999957,0.014502064150285876,0.014500000000000068
42,coat_vs_shirt,conv2,100,within_tops,coarse,200,coarse_minus_random,0.0050000000000000044,0.004966465983359036,0.004999999999999893
42,coat_vs_shirt,fc,100,within_tops,coarse,200,coarse_minus_random,0.007000000000000006,0.007109036139020364,0.006999999999999895
42,tshirt_vs_non_tops,conv1,5,cross_pooled,coarse,10,coarse_minus_random,-0.0012857142857142234,-0.004099815993960254,-0.009500000000000064
42,tshirt_vs_non_tops,conv2,5,cross_pooled,coarse,10,coarse_minus_random,0.006714285714285673,0.006908513001561034,-0.0015000000000000568
42,tshirt_vs_non_tops,fc,5,cross_pooled,coarse,10,coarse_minus_random,0.07814285714285718,0.11884661967836119,0.07933333333333337
42,tshirt_vs_non_tops,conv1,10,cross_pooled,coarse,20,coarse_minus_random,0.05342857142857149,0.06866334577281141,0.051166666666666694
42,tshirt_vs_non_tops,conv2,10,cross_pooled,coarse,20,coarse_minus_random,-0.015857142857142903,-0.021893372945035572,-0.005083333333333329
42,tshirt_vs_non_tops,fc,10,cross_pooled,coarse,20,coarse_minus_random,-0.002571428571428558,0.0011360384853876804,0.02808333333333346
42,tshirt_vs_non_tops,conv1,30,cross_pooled,coarse,60,coarse_minus_random,0.02857142857142858,0.04170353952198669,0.0216666666666665
42,tshirt_vs_non_tops,conv2,30,cross_pooled,coarse,60,coarse_minus_random,-0.012571428571428567,-0.01685494597473025,0.008083333333333331
42,tshirt_vs_non_tops,fc,30,cross_pooled,coarse,60,coarse_minus_random,0.024571428571428577,0.046146145691560836,0.03808333333333336
42,tshirt_vs_non_tops,conv1,100,cross_pooled,coarse,200,coarse_minus_random,0.006142857142857228,0.011257084180106958,0.00983333333333336
42,tshirt_vs_non_tops,conv2,100,cross_pooled,coarse,200,coarse_minus_random,0.016000000000000014,0.02858806730450225,0.022666666666666724
42,tshirt_vs_non_tops,fc,100,cross_pooled,coarse,200,coarse_minus_random,0.03514285714285714,0.06363301616222294,0.042583333333333195
42,pullover_vs_non_tops,conv1,5,cross_pooled,coarse,10,coarse_minus_random,-0.07699999999999996,-0.07815655022048063,0.007583333333333275
42,pullover_vs_non_tops,conv2,5,cross_pooled,coarse,10,coarse_minus_random,0.03199999999999992,0.0427405598029047,0.01866666666666661
42,pullover_vs_non_tops,fc,5,cross_pooled,coarse,10,coarse_minus_random,0.26457142857142857,0.30659206306859543,0.13766666666666671
42,pullover_vs_non_tops,conv1,10,cross_pooled,coarse,20,coarse_minus_random,0.028142857142857136,0.041939339205395054,0.022666666666666835
42,pullover_vs_non_tops,conv2,10,cross_pooled,coarse,20,coarse_minus_random,0.006999999999999895,0.01651034952343511,0.0365833333333333
42,pullover_vs_non_tops,fc,10,cross_pooled,coarse,20,coarse_minus_random,0.038142857142857145,0.06186944243957515,0.016833333333333367
42,pullover_vs_non_tops,conv1,30,cross_pooled,coarse,60,coarse_minus_random,0.0035714285714285587,0.0052004204354823,0.004166666666666652
42,pullover_vs_non_tops,conv2,30,cross_pooled,coarse,60,coarse_minus_random,0.002571428571428558,0.004657907213379331,0.005249999999999977
42,pullover_vs_non_tops,fc,30,cross_pooled,coarse,60,coarse_minus_random,0.03957142857142859,0.06803763635631321,0.027666666666666617
42,pullover_vs_non_tops,conv1,100,cross_pooled,coarse,200,coarse_minus_random,0.0035714285714285587,0.0065000604598791645,0.003750000000000031
42,pullover_vs_non_tops,conv2,100,cross_pooled,coarse,200,coarse_minus_random,-0.00028571428571433355,-0.00022334861297945707,0.00275000000000003
42,pullover_vs_non_tops,fc,100,cross_pooled,coarse,200,coarse_minus_random,0.018142857142857127,0.033601329707228955,0.018916666666666693
42,coat_vs_non_tops,conv1,5,cross_pooled,coarse,10,coarse_minus_random,-0.03471428571428581,-0.03987109145624668,0.0005833333333333801
42,coat_vs_non_tops,conv2,5,cross_pooled,coarse,10,coarse_minus_random,0.005714285714285783,0.017776262933501874,0.04166666666666674
42,coat_vs_non_tops,fc,5,cross_pooled,coarse,10,coarse_minus_random,0.061000000000000054,0.10281586250253816,0.05891666666666673
42,coat_vs_non_tops,conv1,10,cross_pooled,coarse,20,coarse_minus_random,0.034285714285714364,0.048473760808100064,0.032916666666666705
42,coat_vs_non_tops,conv2,10,cross_pooled,coarse,20,coarse_minus_random,0.01942857142857146,0.02964916159602793,0.004249999999999976
42,coat_vs_non_tops,fc,10,cross_pooled,coarse,20,coarse_minus_random,0.03028571428571436,0.06036732770704989,0.08183333333333331
42,coat_vs_non_tops,conv1,30,cross_pooled,coarse,60,coarse_minus_random,0.04585714285714293,0.06406515069082319,0.038000000000000034
42,coat_vs_non_tops,conv2,30,cross_pooled,coarse,60,coarse_minus_random,0.0040000000000000036,0.009821055888053487,0.021916666666666584
42,coat_vs_non_tops,fc,30,cross_pooled,coarse,60,coarse_minus_random,0.037142857142857144,0.06974878539291296,0.06333333333333346
42,coat_vs_non_tops,conv1,100,cross_pooled,coarse,200,coarse_minus_random,0.004714285714285671,0.007809395129017682,0.00316666666666654
42,coat_vs_non_tops,conv2,100,cross_pooled,coarse,200,coarse_minus_random,0.011714285714285677,0.01958887750241156,0.012249999999999983
42,coat_vs_non_tops,fc,100,cross_pooled,coarse,200,coarse_minus_random,0.0337142857142857,0.058982555385397095,0.039249999999999896
42,shirt_vs_non_tops,conv1,5,cross_pooled,coarse,10,coarse_minus_random,-0.021714285714285686,-0.018194109367567268,0.005250000000000088
42,shirt_vs_non_tops,conv2,5,cross_pooled,coarse,10,coarse_minus_random,-0.007857142857142785,-0.03794150306738997,-0.08999999999999997
42,shirt_vs_non_tops,fc,5,cross_pooled,coarse,10,coarse_minus_random,0.08957142857142852,0.13128130005415717,0.09349999999999992
42,shirt_vs_non_tops,conv1,10,cross_pooled,coarse,20,coarse_minus_random,-0.03185714285714292,-0.03926522576579372,-0.008583333333333276
42,shirt_vs_non_tops,conv2,10,cross_pooled,coarse,20,coarse_minus_random,-0.007428571428571451,-0.010668977130962043,0.001083333333333325
42,shirt_vs_non_tops,fc,10,cross_pooled,coarse,20,coarse_minus_random,0.03300000000000003,0.05740157268500712,0.05383333333333318
42,shirt_vs_non_tops,conv1,30,cross_pooled,coarse,60,coarse_minus_random,-0.01757142857142857,-0.024041440488119625,-0.008583333333333276
42,shirt_vs_non_tops,conv2,30,cross_pooled,coarse,60,coarse_minus_random,0.0018571428571427795,0.004342932427972013,0.008583333333333387
42,shirt_vs_non_tops,fc,30,cross_pooled,coarse,60,coarse_minus_random,0.05214285714285716,0.09065363844454732,0.060416666666666674
42,shirt_vs_non_tops,conv1,100,cross_pooled,coarse,200,coarse_minus_random,0.006000000000000005,0.009763314442021498,0.003083333333333327
42,shirt_vs_non_tops,conv2,100,cross_pooled,coarse,200,coarse_minus_random,0.020857142857142907,0.0325242610664076,0.012166666666666659
42,shirt_vs_non_tops,fc,100,cross_pooled,coarse,200,coarse_minus_random,0.04357142857142848,0.07459233713393143,0.0429166666666666
