task,task_category,family,layer,examples_per_class,n_probe_train,n_seeds,test_accuracy_mean,test_accuracy_std,test_macro_f1_mean,test_macro_f1_std,test_balanced_accuracy_mean,test_balanced_accuracy_std
coat_vs_non_tops,cross_pooled,coarse,conv1,5,10,1,0.8757142857142857,0.0,0.7944123088490208,0.0,0.8708333333333333,0.0
coat_vs_non_tops,cross_pooled,coarse,conv1,10,20,1,0.913,0.0,0.8480271929724181,0.0,0.9105000000000001,0.0
coat_vs_non_tops,cross_pooled,coarse,conv1,30,60,1,0.9275714285714286,0.0,0.8732323928848547,0.0,0.9390000000000001,0.0
coat_vs_non_tops,cross_pooled,coarse,conv1,100,200,1,0.957,0.0,0.9197536287869899,0.0,0.9603333333333333,0.0
coat_vs_non_tops,cross_pooled,coarse,conv2,5,10,1,0.9311428571428572,0.0,0.8743555976405963,0.0,0.9206666666666667,0.0
coat_vs_non_tops,cross_pooled,coarse,conv2,10,20,1,0.9478571428571428,0.0,0.8966619212041285,0.0,0.90875,0.0
coat_vs_non_tops,cross_pooled,coarse,conv2,30,60,1,0.9451428571428572,0.0,0.9001812037938867,0.0,0.9509166666666666,0.0
coat_vs_non_tops,cross_pooled,coarse,conv2,100,200,1,0.9542857142857143,0.0,0.9154540359827623,0.0,0.96,0.0
coat_vs_non_tops,cross_pooled,coarse,fc,5,10,1,0.9678571428571429,0.0,0.934619954512923,0.0,0.93625,0.0
coat_vs_non_tops,cross_pooled,coarse,fc,10,20,1,0.9481428571428572,0.0,0.9056071051214776,0.0,0.9568333333333333,0.0
coat_vs_non_tops,cross_pooled,coarse,fc,30,60,1,0.9758571428571429,0.0,0.9529008591751216,0.0,0.9742500000000001,0.0
coat_vs_non_tops,cross_pooled,coarse,fc,100,200,1,0.9732857142857143,0.0,0.9486017617776864,0.0,0.9764999999999999,0.0
coat_vs_non_tops,cross_pooled,constant,constant,5,10,1,0.8571428571428571,0.0,0.46153846153846156,0.0,0.5,0.0
coat_vs_non_tops,cross_pooled,constant,constant,10,20,1,0.8571428571428571,0.0,0.46153846153846156,0.0,0.5,0.0
coat_vs_non_tops,cross_pooled,constant,constant,30,60,1,0.8571428571428571,0.0,0.46153846153846156,0.0,0.5,0.0
coat_vs_non_tops,cross_pooled,constant,constant,100,200,1,0.8571428571428571,0.0,0.46153846153846156,0.0,0.5,0.0
coat_vs_non_tops,cross_pooled,fine,conv1,5,10,1,0.8495714285714285,0.0,0.7711906384284066,0.0,0.881,0.0
coat_vs_non_tops,cross_pooled,fine,conv1,10,20,1,0.9094285714285715,0.0,0.8394188452948563,0.0,0.8938333333333333,0.0
coat_vs_non_tops,cross_pooled,fine,conv1,30,60,1,0.9144285714285715,0.0,0.8515855971131222,0.0,0.918,0.0
coat_vs_non_tops,cross_pooled,fine,conv1,100,200,1,0.9537142857142857,0.0,0.9142743619563225,0.0,0.958,0.0
coat_vs_non_tops,cross_pooled,fine,conv2,5,10,1,0.9134285714285715,0.0,0.8445265426397501,0.0,0.8940833333333333,0.0
coat_vs_non_tops,cross_pooled,fine,conv2,10,20,1,0.9341428571428572,0.0,0.8790224700672462,0.0,0.9228333333333334,0.0
coat_vs_non_tops,cross_pooled,fine,conv2,30,60,1,0.9507142857142857,0.0,0.9080232622309352,0.0,0.9475,0.0
coat_vs_non_tops,cross_pooled,fine,conv2,100,200,1,0.957,0.0,0.9196952734818051,0.0,0.9599166666666666,0.0
coat_vs_non_tops,cross_pooled,fine,fc,5,10,1,0.9687142857142857,0.0,0.9355055062016315,0.0,0.9313333333333333,0.0
coat_vs_non_tops,cross_pooled,fine,fc,10,20,1,0.9642857142857143,0.0,0.9304619440869526,0.0,0.9516666666666667,0.0
coat_vs_non_tops,cross_pooled,fine,fc,30,60,1,0.9734285714285714,0.0,0.9481428942860639,0.0,0.9690833333333333,0.0
coat_vs_non_tops,cross_pooled,fine,fc,100,200,1,0.9812857142857143,0.0,0.9632620878247634,0.0,0.982,0.0
coat_vs_non_tops,cross_pooled,pixels,pixels,5,10,1,0.9038571428571428,0.0,0.8221255636450477,0.0,0.8568333333333333,0.0
coat_vs_non_tops,cross_pooled,pixels,pixels,10,20,1,0.8707142857142857,0.0,0.7858230839170175,0.0,0.8595833333333334,0.0
coat_vs_non_tops,cross_pooled,pixels,pixels,30,60,1,0.9218571428571428,0.0,0.8579588399662796,0.0,0.904,0.0
coat_vs_non_tops,cross_pooled,pixels,pixels,100,200,1,0.9422857142857143,0.0,0.8962091530901779,0.0,0.9521666666666666,0.0
coat_vs_non_tops,cross_pooled,random,conv1,5,10,1,0.9104285714285715,0.0,0.8342834003052675,0.0,0.87025,0.0
coat_vs_non_tops,cross_pooled,random,conv1,10,20,1,0.8787142857142857,0.0,0.7995534321643181,0.0,0.8775833333333334,0.0
coat_vs_non_tops,cross_pooled,random,conv1,30,60,1,0.8817142857142857,0.0,0.8091672421940315,0.0,0.901,0.0
coat_vs_non_tops,cross_pooled,random,conv1,100,200,1,0.9522857142857143,0.0,0.9119442336579722,0.0,0.9571666666666667,0.0
coat_vs_non_tops,cross_pooled,random,conv2,5,10,1,0.9254285714285714,0.0,0.8565793347070945,0.0,0.879,0.0
coat_vs_non_tops,cross_pooled,random,conv2,10,20,1,0.9284285714285714,0.0,0.8670127596081005,0.0,0.9045,0.0
coat_vs_non_tops,cross_pooled,random,conv2,30,60,1,0.9411428571428572,0.0,0.8903601479058332,0.0,0.929,0.0
coat_vs_non_tops,cross_pooled,random,conv2,100,200,1,0.9425714285714286,0.0,0.8958651584803508,0.0,0.94775,0.0
coat_vs_non_tops,cross_pooled,random,fc,5,10,1,0.9068571428571428,0.0,0.8318040920103849,0.0,0.8773333333333333,0.0
coat_vs_non_tops,cross_pooled,random,fc,10,20,1,0.9178571428571428,0.0,0.8452397774144277,0.0,0.875,0.0
coat_vs_non_tops,cross_pooled,random,fc,30,60,1,0.9387142857142857,0.0,0.8831520737822086,0.0,0.9109166666666666,0.0
coat_vs_non_tops,cross_pooled,random,fc,100,200,1,0.9395714285714286,0.0,0.8896192063922893,0.0,0.93725,0.0
coat_vs_shirt,within_tops,coarse,conv1,5,10,1,0.648,0.0,0.6404402563906126,0.0,0.648,0.0
coat_vs_shirt,within_tops,coarse,conv1,10,20,1,0.731,0.0,0.7309128157523037,0.0,0.731,0.0
coat_vs_shirt,within_tops,coarse,conv1,30,60,1,0.778,0.0,0.7777864527811227,0.0,0.778,0.0
coat_vs_shirt,within_tops,coarse,conv1,100,200,1,0.846,0.0,0.846,0.0,0.846,0.0
coat_vs_shirt,within_tops,coarse,conv2,5,10,1,0.708,0.0,0.7075320512820513,0.0,0.708,0.0
coat_vs_shirt,within_tops,coarse,conv2,10,20,1,0.737,0.0,0.7366394594199459,0.0,0.737,0.0
coat_vs_shirt,within_tops,coarse,conv2,30,60,1,0.762,0.0,0.7616185897435898,0.0,0.762,0.0
coat_vs_shirt,within_tops,coarse,conv2,100,200,1,0.8355,0.0,0.835465406601738,0.0,0.8354999999999999,0.0
coat_vs_shirt,within_tops,coarse,fc,5,10,1,0.634,0.0,0.6339381355449071,0.0,0.634,0.0
coat_vs_shirt,within_tops,coarse,fc,10,20,1,0.691,0.0,0.6902563053892397,0.0,0.6910000000000001,0.0
coat_vs_shirt,within_tops,coarse,fc,30,60,1,0.7575,0.0,0.7574984843655272,0.0,0.7575000000000001,0.0
coat_vs_shirt,within_tops,coarse,fc,100,200,1,0.7785,0.0,0.7784932994223075,0.0,0.7785,0.0
coat_vs_shirt,within_tops,constant,constant,5,10,1,0.5,0.0,0.3333333333333333,0.0,0.5,0.0
coat_vs_shirt,within_tops,constant,constant,10,20,1,0.5,0.0,0.3333333333333333,0.0,0.5,0.0
coat_vs_shirt,within_tops,constant,constant,30,60,1,0.5,0.0,0.3333333333333333,0.0,0.5,0.0
coat_vs_shirt,within_tops,constant,constant,100,200,1,0.5,0.0,0.3333333333333333,0.0,0.5,0.0
coat_vs_shirt,within_tops,fine,conv1,5,10,1,0.708,0.0,0.7073256783629482,0.0,0.708,0.0
coat_vs_shirt,within_tops,fine,conv1,10,20,1,0.7245,0.0,0.7244635603058505,0.0,0.7244999999999999,0.0
coat_vs_shirt,within_tops,fine,conv1,30,60,1,0.7735,0.0,0.7734455702982641,0.0,0.7735000000000001,0.0
coat_vs_shirt,within_tops,fine,conv1,100,200,1,0.8445,0.0,0.8444912526329607,0.0,0.8445,0.0
coat_vs_shirt,within_tops,fine,conv2,5,10,1,0.703,0.0,0.702842803843233,0.0,0.7030000000000001,0.0
coat_vs_shirt,within_tops,fine,conv2,10,20,1,0.7325,0.0,0.7321624577373635,0.0,0.7324999999999999,0.0
coat_vs_shirt,within_tops,fine,conv2,30,60,1,0.768,0.0,0.7679329326175265,0.0,0.768,0.0
coat_vs_shirt,within_tops,fine,conv2,100,200,1,0.859,0.0,0.8589829369353692,0.0,0.859,0.0
coat_vs_shirt,within_tops,fine,fc,5,10,1,0.817,0.0,0.8165773943165052,0.0,0.817,0.0
coat_vs_shirt,within_tops,fine,fc,10,20,1,0.884,0.0,0.8837646233623087,0.0,0.884,0.0
coat_vs_shirt,within_tops,fine,fc,30,60,1,0.901,0.0,0.9009964358716913,0.0,0.901,0.0
coat_vs_shirt,within_tops,fine,fc,100,200,1,0.9085,0.0,0.9084948528354719,0.0,0.9085000000000001,0.0
coat_vs_shirt,within_tops,pixels,pixels,5,10,1,0.6495,0.0,0.6494262918778673,0.0,0.6495,0.0
coat_vs_shirt,within_tops,pixels,pixels,10,20,1,0.7075,0.0,0.7074911516073361,0.0,0.7075,0.0
coat_vs_shirt,within_tops,pixels,pixels,30,60,1,0.7865,0.0,0.7863610812931108,0.0,0.7865,0.0
coat_vs_shirt,within_tops,pixels,pixels,100,200,1,0.8215,0.0,0.8214674624450307,0.0,0.8215,0.0
coat_vs_shirt,within_tops,random,conv1,5,10,1,0.738,0.0,0.7378844070234973,0.0,0.738,0.0
coat_vs_shirt,within_tops,random,conv1,10,20,1,0.7145,0.0,0.7143142328298977,0.0,0.7144999999999999,0.0
coat_vs_shirt,within_tops,random,conv1,30,60,1,0.7755,0.0,0.7754703059479615,0.0,0.7755000000000001,0.0
coat_vs_shirt,within_tops,random,conv1,100,200,1,0.8315,0.0,0.8314979358497141,0.0,0.8314999999999999,0.0
coat_vs_shirt,within_tops,random,conv2,5,10,1,0.7055,0.0,0.7051071289725737,0.0,0.7055,0.0
coat_vs_shirt,within_tops,random,conv2,10,20,1,0.696,0.0,0.6956055047341354,0.0,0.696,0.0
coat_vs_shirt,within_tops,random,conv2,30,60,1,0.7525,0.0,0.751963683474593,0.0,0.7525,0.0
coat_vs_shirt,within_tops,random,conv2,100,200,1,0.8305,0.0,0.8304989406183789,0.0,0.8305,0.0
coat_vs_shirt,within_tops,random,fc,5,10,1,0.686,0.0,0.6858866050644282,0.0,0.6859999999999999,0.0
coat_vs_shirt,within_tops,random,fc,10,20,1,0.6945,0.0,0.6937796932835262,0.0,0.6945,0.0
coat_vs_shirt,within_tops,random,fc,30,60,1,0.732,0.0,0.7314317094972963,0.0,0.732,0.0
coat_vs_shirt,within_tops,random,fc,100,200,1,0.7715,0.0,0.7713842632832871,0.0,0.7715000000000001,0.0
pullover_vs_coat,within_tops,coarse,conv1,5,10,1,0.544,0.0,0.5425654853620956,0.0,0.544,0.0
pullover_vs_coat,within_tops,coarse,conv1,10,20,1,0.6675,0.0,0.6666832907331188,0.0,0.6675,0.0
pullover_vs_coat,within_tops,coarse,conv1,30,60,1,0.7815,0.0,0.7813346343172023,0.0,0.7815000000000001,0.0
pullover_vs_coat,within_tops,coarse,conv1,100,200,1,0.823,0.0,0.822316986496091,0.0,0.823,0.0
pullover_vs_coat,within_tops,coarse,conv2,5,10,1,0.627,0.0,0.6243494094329589,0.0,0.627,0.0
pullover_vs_coat,within_tops,coarse,conv2,10,20,1,0.6585,0.0,0.6452160922292715,0.0,0.6585,0.0
pullover_vs_coat,within_tops,coarse,conv2,30,60,1,0.8065,0.0,0.8064744062402253,0.0,0.8065,0.0
pullover_vs_coat,within_tops,coarse,conv2,100,200,1,0.8215,0.0,0.821192048004676,0.0,0.8215,0.0
pullover_vs_coat,within_tops,coarse,fc,5,10,1,0.56,0.0,0.5535714285714286,0.0,0.56,0.0
pullover_vs_coat,within_tops,coarse,fc,10,20,1,0.662,0.0,0.6610115095618825,0.0,0.6619999999999999,0.0
pullover_vs_coat,within_tops,coarse,fc,30,60,1,0.7745,0.0,0.7744994926238584,0.0,0.7745,0.0
pullover_vs_coat,within_tops,coarse,fc,100,200,1,0.7985,0.0,0.7980819792174749,0.0,0.7985,0.0
pullover_vs_coat,within_tops,constant,constant,5,10,1,0.5,0.0,0.3333333333333333,0.0,0.5,0.0
pullover_vs_coat,within_tops,constant,constant,10,20,1,0.5,0.0,0.3333333333333333,0.0,0.5,0.0
pullover_vs_coat,within_tops,constant,constant,30,60,1,0.5,0.0,0.3333333333333333,0.0,0.5,0.0
pullover_vs_coat,within_tops,constant,constant,100,200,1,0.5,0.0,0.3333333333333333,0.0,0.5,0.0
pullover_vs_coat,within_tops,fine,conv1,5,10,1,0.5635,0.0,0.55973296518335,0.0,0.5635,0.0
pullover_vs_coat,within_tops,fine,conv1,10,20,1,0.692,0.0,0.6914813802001163,0.0,0.692,0.0
pullover_vs_coat,within_tops,fine,conv1,30,60,1,0.799,0.0,0.7989837176811322,0.0,0.799,0.0
pullover_vs_coat,within_tops,fine,conv1,100,200,1,0.841,0.0,0.8406015037593985,0.0,0.841,0.0
pullover_vs_coat,within_tops,fine,conv2,5,10,1,0.7125,0.0,0.7099094185853215,0.0,0.7125,0.0
pullover_vs_coat,within_tops,fine,conv2,10,20,1,0.741,0.0,0.7409562216014507,0.0,0.741,0.0
pullover_vs_coat,within_tops,fine,conv2,30,60,1,0.8075,0.0,0.807384382475581,0.0,0.8075,0.0
pullover_vs_coat,within_tops,fine,conv2,100,200,1,0.858,0.0,0.857880477481562,0.0,0.858,0.0
pullover_vs_coat,within_tops,fine,fc,5,10,1,0.905,0.0,0.9049984799756796,0.0,0.905,0.0
pullover_vs_coat,within_tops,fine,fc,10,20,1,0.907,0.0,0.9068277244625312,0.0,0.907,0.0
pullover_vs_coat,within_tops,fine,fc,30,60,1,0.915,0.0,0.9149897137553644,0.0,0.915,0.0
pullover_vs_coat,within_tops,fine,fc,100,200,1,0.9165,0.0,0.9164772609342894,0.0,0.9165000000000001,0.0
pullover_vs_coat,within_tops,pixels,pixels,5,10,1,0.576,0.0,0.5758774285768588,0.0,0.5760000000000001,0.0
pullover_vs_coat,within_tops,pixels,pixels,10,20,1,0.6355,0.0,0.6347767666922424,0.0,0.6355,0.0
pullover_vs_coat,within_tops,pixels,pixels,30,60,1,0.7465,0.0,0.7464223418421891,0.0,0.7464999999999999,0.0
pullover_vs_coat,within_tops,pixels,pixels,100,200,1,0.796,0.0,0.7956221052726491,0.0,0.796,0.0
pullover_vs_coat,within_tops,random,conv1,5,10,1,0.578,0.0,0.5763184077604011,0.0,0.5780000000000001,0.0
pullover_vs_coat,within_tops,random,conv1,10,20,1,0.634,0.0,0.6328069899102182,0.0,0.6339999999999999,0.0
pullover_vs_coat,within_tops,random,conv1,30,60,1,0.7905,0.0,0.7904672605094547,0.0,0.7905,0.0
pullover_vs_coat,within_tops,random,conv1,100,200,1,0.811,0.0,0.8107547381406303,0.0,0.8109999999999999,0.0
pullover_vs_coat,within_tops,random,conv2,5,10,1,0.5765,0.0,0.5739409830293198,0.0,0.5765,0.0
pullover_vs_coat,within_tops,random,conv2,10,20,1,0.6625,0.0,0.6609088997850162,0.0,0.6625,0.0
pullover_vs_coat,within_tops,random,conv2,30,60,1,0.762,0.0,0.7612512840267078,0.0,0.762,0.0
pullover_vs_coat,within_tops,random,conv2,100,200,1,0.8205,0.0,0.8203102026515507,0.0,0.8205,0.0
pullover_vs_coat,within_tops,random,fc,5,10,1,0.5685,0.0,0.5662199435784341,0.0,0.5685,0.0
pullover_vs_coat,within_tops,random,fc,10,20,1,0.609,0.0,0.6069051977990713,0.0,0.609,0.0
pullover_vs_coat,within_tops,random,fc,30,60,1,0.735,0.0,0.7347920769883589,0.0,0.735,0.0
pullover_vs_coat,within_tops,random,fc,100,200,1,0.7615,0.0,0.7612922645932623,0.0,0.7615000000000001,0.0
pullover_vs_non_tops,cross_pooled,coarse,conv1,5,10,1,0.8317142857142857,0.0,0.7503631631693695,0.0,0.8655833333333334,0.0
pullover_vs_non_tops,cross_pooled,coarse,conv1,10,20,1,0.9317142857142857,0.0,0.8746943943829535,0.0,0.9185000000000001,0.0
pullover_vs_non_tops,cross_pooled,coarse,conv1,30,60,1,0.9077142857142857,0.0,0.8475264144807961,0.0,0.937,0.0
pullover_vs_non_tops,cross_pooled,coarse,conv1,100,200,1,0.9724285714285714,0.0,0.9468310164158351,0.0,0.9735,0.0
pullover_vs_non_tops,cross_pooled,coarse,conv2,5,10,1,0.9234285714285714,0.0,0.8692499056661767,0.0,0.9465833333333333,0.0
pullover_vs_non_tops,cross_pooled,coarse,conv2,10,20,1,0.9575714285714285,0.0,0.9219493779207741,0.0,0.9698333333333333,0.0
pullover_vs_non_tops,cross_pooled,coarse,conv2,30,60,1,0.9521428571428572,0.0,0.9133111713065523,0.0,0.9679166666666666,0.0
pullover_vs_non_tops,cross_pooled,coarse,conv2,100,200,1,0.972,0.0,0.9463526026026026,0.0,0.9761666666666666,0.0
pullover_vs_non_tops,cross_pooled,coarse,fc,5,10,1,0.976,0.0,0.9519173449346641,0.0,0.9605833333333333,0.0
pullover_vs_non_tops,cross_pooled,coarse,fc,10,20,1,0.9731428571428572,0.0,0.947503496043774,0.0,0.9676666666666667,0.0
pullover_vs_non_tops,cross_pooled,coarse,fc,30,60,1,0.9835714285714285,0.0,0.9676729144682743,0.0,0.9854166666666666,0.0
pullover_vs_non_tops,cross_pooled,coarse,fc,100,200,1,0.9851428571428571,0.0,0.9707304395709018,0.0,0.988,0.0
pullover_vs_non_tops,cross_pooled,constant,constant,5,10,1,0.8571428571428571,0.0,0.46153846153846156,0.0,0.5,0.0
pullover_vs_non_tops,cross_pooled,constant,constant,10,20,1,0.8571428571428571,0.0,0.46153846153846156,0.0,0.5,0.0
pullover_vs_non_tops,cross_pooled,constant,constant,30,60,1,0.8571428571428571,0.0,0.46153846153846156,0.0,0.5,0.0
pullover_vs_non_tops,cross_pooled,constant,constant,100,200,1,0.8571428571428571,0.0,0.46153846153846156,0.0,0.5,0.0
pullover_vs_non_tops,cross_pooled,fine,conv1,5,10,1,0.8705714285714286,0.0,0.7899937693515675,0.0,0.8740833333333333,0.0
pullover_vs_non_tops,cross_pooled,fine,conv1,10,20,1,0.9345714285714286,0.0,0.8759511444067973,0.0,0.9055833333333334,0.0
pullover_vs_non_tops,cross_pooled,fine,conv1,30,60,1,0.9097142857142857,0.0,0.8503865600055409,0.0,0.9390000000000001,0.0
pullover_vs_non_tops,cross_pooled,fine,conv1,100,200,1,0.9714285714285714,0.0,0.945216277527451,0.0,0.9745833333333334,0.0
pullover_vs_non_tops,cross_pooled,fine,conv2,5,10,1,0.9035714285714286,0.0,0.8426781669758998,0.0,0.9375,0.0
pullover_vs_non_tops,cross_pooled,fine,conv2,10,20,1,0.9538571428571428,0.0,0.9143235262632874,0.0,0.9568333333333333,0.0
pullover_vs_non_tops,cross_pooled,fine,conv2,30,60,1,0.9591428571428572,0.0,0.924000850340136,0.0,0.9665833333333333,0.0
pullover_vs_non_tops,cross_pooled,fine,conv2,100,200,1,0.9745714285714285,0.0,0.9507938616645639,0.0,0.976,0.0
pullover_vs_non_tops,cross_pooled,fine,fc,5,10,1,0.9868571428571429,0.0,0.9736048265460031,0.0,0.9815,0.0
pullover_vs_non_tops,cross_pooled,fine,fc,10,20,1,0.987,0.0,0.9740497556216193,0.0,0.9849166666666667,0.0
pullover_vs_non_tops,cross_pooled,fine,fc,30,60,1,0.9785714285714285,0.0,0.958597775257368,0.0,0.985,0.0
pullover_vs_non_tops,cross_pooled,fine,fc,100,200,1,0.9901428571428571,0.0,0.9801955669314187,0.0,0.988,0.0
pullover_vs_non_tops,cross_pooled,pixels,pixels,5,10,1,0.8862857142857142,0.0,0.814315167544904,0.0,0.9015833333333334,0.0
pullover_vs_non_tops,cross_pooled,pixels,pixels,10,20,1,0.9392857142857143,0.0,0.8822871150605663,0.0,0.9029166666666666,0.0
pullover_vs_non_tops,cross_pooled,pixels,pixels,30,60,1,0.9035714285714286,0.0,0.8402547863469468,0.0,0.9266666666666666,0.0
pullover_vs_non_tops,cross_pooled,pixels,pixels,100,200,1,0.9595714285714285,0.0,0.9244425809575242,0.0,0.96475,0.0
pullover_vs_non_tops,cross_pooled,random,conv1,5,10,1,0.9087142857142857,0.0,0.8285197133898501,0.0,0.8580000000000001,0.0
pullover_vs_non_tops,cross_pooled,random,conv1,10,20,1,0.9035714285714286,0.0,0.8327550551775584,0.0,0.8958333333333333,0.0
pullover_vs_non_tops,cross_pooled,random,conv1,30,60,1,0.9041428571428571,0.0,0.8423259940453138,0.0,0.9328333333333334,0.0
pullover_vs_non_tops,cross_pooled,random,conv1,100,200,1,0.9688571428571429,0.0,0.940330955955956,0.0,0.96975,0.0
pullover_vs_non_tops,cross_pooled,random,conv2,5,10,1,0.8914285714285715,0.0,0.826509345863272,0.0,0.9279166666666667,0.0
pullover_vs_non_tops,cross_pooled,random,conv2,10,20,1,0.9505714285714286,0.0,0.905439028397339,0.0,0.93325,0.0
pullover_vs_non_tops,cross_pooled,random,conv2,30,60,1,0.9495714285714286,0.0,0.9086532640931729,0.0,0.9626666666666667,0.0
pullover_vs_non_tops,cross_pooled,random,conv2,100,200,1,0.9722857142857143,0.0,0.946575951215582,0.0,0.9734166666666666,0.0
pullover_vs_non_tops,cross_pooled,random,fc,5,10,1,0.7114285714285714,0.0,0.6453252818660686,0.0,0.8229166666666666,0.0
pullover_vs_non_tops,cross_pooled,random,fc,10,20,1,0.935,0.0,0.8856340536041989,0.0,0.9508333333333333,0.0
pullover_vs_non_tops,cross_pooled,random,fc,30,60,1,0.944,0.0,0.8996352781119611,0.0,0.95775,0.0
pullover_vs_non_tops,cross_pooled,random,fc,100,200,1,0.967,0.0,0.9371291098636728,0.0,0.9690833333333333,0.0
pullover_vs_shirt,within_tops,coarse,conv1,5,10,1,0.669,0.0,0.668136823878909,0.0,0.669,0.0
pullover_vs_shirt,within_tops,coarse,conv1,10,20,1,0.616,0.0,0.6157786885245902,0.0,0.616,0.0
pullover_vs_shirt,within_tops,coarse,conv1,30,60,1,0.749,0.0,0.7487887313230427,0.0,0.749,0.0
pullover_vs_shirt,within_tops,coarse,conv1,100,200,1,0.8555,0.0,0.8554696124860252,0.0,0.8554999999999999,0.0
pullover_vs_shirt,within_tops,coarse,conv2,5,10,1,0.6975,0.0,0.6925012230064994,0.0,0.6975,0.0
pullover_vs_shirt,within_tops,coarse,conv2,10,20,1,0.6545,0.0,0.6425962203645157,0.0,0.6545,0.0
pullover_vs_shirt,within_tops,coarse,conv2,30,60,1,0.766,0.0,0.7659810444646016,0.0,0.766,0.0
pullover_vs_shirt,within_tops,coarse,conv2,100,200,1,0.8455,0.0,0.8453264175721202,0.0,0.8455,0.0
pullover_vs_shirt,within_tops,coarse,fc,5,10,1,0.6385,0.0,0.6357747758163519,0.0,0.6385000000000001,0.0
pullover_vs_shirt,within_tops,coarse,fc,10,20,1,0.5905,0.0,0.5877618108883733,0.0,0.5905,0.0
pullover_vs_shirt,within_tops,coarse,fc,30,60,1,0.655,0.0,0.6537535126455238,0.0,0.655,0.0
pullover_vs_shirt,within_tops,coarse,fc,100,200,1,0.768,0.0,0.7679665871885551,0.0,0.768,0.0
pullover_vs_shirt,within_tops,constant,constant,5,10,1,0.5,0.0,0.3333333333333333,0.0,0.5,0.0
pullover_vs_shirt,within_tops,constant,constant,10,20,1,0.5,0.0,0.3333333333333333,0.0,0.5,0.0
pullover_vs_shirt,within_tops,constant,constant,30,60,1,0.5,0.0,0.3333333333333333,0.0,0.5,0.0
pullover_vs_shirt,within_tops,constant,constant,100,200,1,0.5,0.0,0.3333333333333333,0.0,0.5,0.0
pullover_vs_shirt,within_tops,fine,conv1,5,10,1,0.6765,0.0,0.67527179675327,0.0,0.6765,0.0
pullover_vs_shirt,within_tops,fine,conv1,10,20,1,0.6615,0.0,0.6614382971296519,0.0,0.6615,0.0
pullover_vs_shirt,within_tops,fine,conv1,30,60,1,0.768,0.0,0.7679886314429407,0.0,0.768,0.0
pullover_vs_shirt,within_tops,fine,conv1,100,200,1,0.853,0.0,0.8528675808227404,0.0,0.853,0.0
pullover_vs_shirt,within_tops,fine,conv2,5,10,1,0.7325,0.0,0.7287551254507545,0.0,0.7324999999999999,0.0
pullover_vs_shirt,within_tops,fine,conv2,10,20,1,0.675,0.0,0.6745544650626708,0.0,0.675,0.0
pullover_vs_shirt,within_tops,fine,conv2,30,60,1,0.7595,0.0,0.759388777462382,0.0,0.7595000000000001,0.0
pullover_vs_shirt,within_tops,fine,conv2,100,200,1,0.875,0.0,0.8749448506791495,0.0,0.875,0.0
pullover_vs_shirt,within_tops,fine,fc,5,10,1,0.855,0.0,0.8548221571424997,0.0,0.855,0.0
pullover_vs_shirt,within_tops,fine,fc,10,20,1,0.881,0.0,0.8806773515586145,0.0,0.881,0.0
pullover_vs_shirt,within_tops,fine,fc,30,60,1,0.915,0.0,0.9149782344280135,0.0,0.915,0.0
pullover_vs_shirt,within_tops,fine,fc,100,200,1,0.918,0.0,0.918,0.0,0.918,0.0
pullover_vs_shirt,within_tops,pixels,pixels,5,10,1,0.646,0.0,0.6407400754445842,0.0,0.646,0.0
pullover_vs_shirt,within_tops,pixels,pixels,10,20,1,0.669,0.0,0.6684150842085439,0.0,0.669,0.0
pullover_vs_shirt,within_tops,pixels,pixels,30,60,1,0.7735,0.0,0.7734999433749858,0.0,0.7735000000000001,0.0
pullover_vs_shirt,within_tops,pixels,pixels,100,200,1,0.812,0.0,0.811698717948718,0.0,0.812,0.0
pullover_vs_shirt,within_tops,random,conv1,5,10,1,0.6215,0.0,0.6199187670506223,0.0,0.6215,0.0
pullover_vs_shirt,within_tops,random,conv1,10,20,1,0.6535,0.0,0.6533681932554853,0.0,0.6535,0.0
pullover_vs_shirt,within_tops,random,conv1,30,60,1,0.761,0.0,0.7609462128979021,0.0,0.761,0.0
pullover_vs_shirt,within_tops,random,conv1,100,200,1,0.843,0.0,0.8428854635028936,0.0,0.843,0.0
pullover_vs_shirt,within_tops,random,conv2,5,10,1,0.6475,0.0,0.6112145574504939,0.0,0.6475,0.0
pullover_vs_shirt,within_tops,random,conv2,10,20,1,0.5835,0.0,0.5828817264390143,0.0,0.5835,0.0
pullover_vs_shirt,within_tops,random,conv2,30,60,1,0.733,0.0,0.7327431661827015,0.0,0.733,0.0
pullover_vs_shirt,within_tops,random,conv2,100,200,1,0.8415,0.0,0.8413800436580163,0.0,0.8414999999999999,0.0
pullover_vs_shirt,within_tops,random,fc,5,10,1,0.7075,0.0,0.7045155330123076,0.0,0.7075,0.0
pullover_vs_shirt,within_tops,random,fc,10,20,1,0.6425,0.0,0.6422673843666844,0.0,0.6425000000000001,0.0
pullover_vs_shirt,within_tops,random,fc,30,60,1,0.76,0.0,0.7599805584252324,0.0,0.76,0.0
pullover_vs_shirt,within_tops,random,fc,100,200,1,0.7565,0.0,0.7551409711752655,0.0,0.7565,0.0
shirt_vs_non_tops,cross_pooled,coarse,conv1,5,10,1,0.8261428571428572,0.0,0.7466525588314601,0.0,0.8698333333333333,0.0
shirt_vs_non_tops,cross_pooled,coarse,conv1,10,20,1,0.8797142857142857,0.0,0.8035846370261421,0.0,0.8881666666666667,0.0
shirt_vs_non_tops,cross_pooled,coarse,conv1,30,60,1,0.9024285714285715,0.0,0.8335479755572809,0.0,0.9043333333333333,0.0
shirt_vs_non_tops,cross_pooled,coarse,conv1,100,200,1,0.9518571428571428,0.0,0.9082792641734101,0.0,0.9381666666666667,0.0
shirt_vs_non_tops,cross_pooled,coarse,conv2,5,10,1,0.8764285714285714,0.0,0.7712158218447214,0.0,0.8004166666666667,0.0
shirt_vs_non_tops,cross_pooled,coarse,conv2,10,20,1,0.9351428571428572,0.0,0.87987827261781,0.0,0.9200833333333334,0.0
shirt_vs_non_tops,cross_pooled,coarse,conv2,30,60,1,0.9358571428571428,0.0,0.8834879518275507,0.0,0.933,0.0
shirt_vs_non_tops,cross_pooled,coarse,conv2,100,200,1,0.9511428571428572,0.0,0.9085904510087581,0.0,0.9469166666666666,0.0
shirt_vs_non_tops,cross_pooled,coarse,fc,5,10,1,0.949,0.0,0.9069070949571101,0.0,0.9569166666666666,0.0
shirt_vs_non_tops,cross_pooled,coarse,fc,10,20,1,0.9501428571428572,0.0,0.9080880105268009,0.0,0.9534166666666666,0.0
shirt_vs_non_tops,cross_pooled,coarse,fc,30,60,1,0.9757142857142858,0.0,0.9523061078962489,0.0,0.9704166666666667,0.0
shirt_vs_non_tops,cross_pooled,coarse,fc,100,200,1,0.9741428571428571,0.0,0.9494778695324,0.0,0.9699166666666666,0.0
shirt_vs_non_tops,cross_pooled,constant,constant,5,10,1,0.8571428571428571,0.0,0.46153846153846156,0.0,0.5,0.0
shirt_vs_non_tops,cross_pooled,constant,constant,10,20,1,0.8571428571428571,0.0,0.46153846153846156,0.0,0.5,0.0
shirt_vs_non_tops,cross_pooled,constant,constant,30,60,1,0.8571428571428571,0.0,0.46153846153846156,0.0,0.5,0.0
shirt_vs_non_tops,cross_pooled,constant,constant,100,200,1,0.8571428571428571,0.0,0.46153846153846156,0.0,0.5,0.0
shirt_vs_non_tops,cross_pooled,fine,conv1,5,10,1,0.8491428571428571,0.0,0.7687081096343585,0.0,0.8736666666666667,0.0
shirt_vs_non_tops,cross_pooled,fine,conv1,10,20,1,0.9027142857142857,0.0,0.8337223667205589,0.0,0.9036666666666666,0.0
shirt_vs_non_tops,cross_pooled,fine,conv1,30,60,1,0.9104285714285715,0.0,0.8460338779491713,0.0,0.9156666666666666,0.0
shirt_vs_non_tops,cross_pooled,fine,conv1,100,200,1,0.9517142857142857,0.0,0.9085891292307084,0.0,0.9414166666666667,0.0
shirt_vs_non_tops,cross_pooled,fine,conv2,5,10,1,0.8992857142857142,0.0,0.8149909791700836,0.0,0.8516666666666667,0.0
shirt_vs_non_tops,cross_pooled,fine,conv2,10,20,1,0.9334285714285714,0.0,0.8748995975310656,0.0,0.90825,0.0
shirt_vs_non_tops,cross_pooled,fine,conv2,30,60,1,0.9405714285714286,0.0,0.8872428094445299,0.0,0.9174166666666667,0.0
shirt_vs_non_tops,cross_pooled,fine,conv2,100,200,1,0.9521428571428572,0.0,0.9101003192262908,0.0,0.9466666666666667,0.0
shirt_vs_non_tops,cross_pooled,fine,fc,5,10,1,0.9322857142857143,0.0,0.8760932585322003,0.0,0.9213333333333333,0.0
shirt_vs_non_tops,cross_pooled,fine,fc,10,20,1,0.9332857142857143,0.0,0.8801470015907196,0.0,0.9344166666666667,0.0
shirt_vs_non_tops,cross_pooled,fine,fc,30,60,1,0.9645714285714285,0.0,0.9313375337676155,0.0,0.95475,0.0
shirt_vs_non_tops,cross_pooled,fine,fc,100,200,1,0.97,0.0,0.9419031485173683,0.0,0.96625,0.0
shirt_vs_non_tops,cross_pooled,pixels,pixels,5,10,1,0.7435714285714285,0.0,0.6660276138947503,0.0,0.8154166666666667,0.0
shirt_vs_non_tops,cross_pooled,pixels,pixels,10,20,1,0.8112857142857143,0.0,0.7267802429998258,0.0,0.8453333333333333,0.0
shirt_vs_non_tops,cross_pooled,pixels,pixels,30,60,1,0.8678571428571429,0.0,0.7896063181661312,0.0,0.8825000000000001,0.0
shirt_vs_non_tops,cross_pooled,pixels,pixels,100,200,1,0.9367142857142857,0.0,0.8831657698386766,0.0,0.9251666666666667,0.0
shirt_vs_non_tops,cross_pooled,random,conv1,5,10,1,0.8478571428571429,0.0,0.7648466681990274,0.0,0.8645833333333333,0.0
shirt_vs_non_tops,cross_pooled,random,conv1,10,20,1,0.9115714285714286,0.0,0.8428498627919359,0.0,0.8967499999999999,0.0
shirt_vs_non_tops,cross_pooled,random,conv1,30,60,1,0.92,0.0,0.8575894160454005,0.0,0.9129166666666666,0.0
shirt_vs_non_tops,cross_pooled,random,conv1,100,200,1,0.9458571428571428,0.0,0.8985159497313886,0.0,0.9350833333333334,0.0
shirt_vs_non_tops,cross_pooled,random,conv2,5,10,1,0.8842857142857142,0.0,0.8091573249121113,0.0,0.8904166666666666,0.0
shirt_vs_non_tops,cross_pooled,random,conv2,10,20,1,0.9425714285714286,0.0,0.8905472497487721,0.0,0.919,0.0
shirt_vs_non_tops,cross_pooled,random,conv2,30,60,1,0.934,0.0,0.8791450193995787,0.0,0.9244166666666667,0.0
shirt_vs_non_tops,cross_pooled,random,conv2,100,200,1,0.9302857142857143,0.0,0.8760661899423505,0.0,0.93475,0.0
shirt_vs_non_tops,cross_pooled,random,fc,5,10,1,0.8594285714285714,0.0,0.7756257949029529,0.0,0.8634166666666667,0.0
shirt_vs_non_tops,cross_pooled,random,fc,10,20,1,0.9171428571428571,0.0,0.8506864378417938,0.0,0.8995833333333334,0.0
shirt_vs_non_tops,cross_pooled,random,fc,30,60,1,0.9235714285714286,0.0,0.8616524694517016,0.0,0.91,0.0
shirt_vs_non_tops,cross_pooled,random,fc,100,200,1,0.9305714285714286,0.0,0.8748855323984686,0.0,0.927,0.0
tops_four_way,within_tops,coarse,conv1,5,20,1,0.52825,0.0,0.518945775385626,0.0,0.52825,0.0
tops_four_way,within_tops,coarse,conv1,10,40,1,0.5545,0.0,0.5451436309436515,0.0,0.5545,0.0
tops_four_way,within_tops,coarse,conv1,30,120,1,0.65875,0.0,0.6560731986445005,0.0,0.6587500000000001,0.0
tops_four_way,within_tops,coarse,conv1,100,400,1,0.739,0.0,0.7366496109832039,0.0,0.739,0.0
tops_four_way,within_tops,coarse,conv2,5,20,1,0.53625,0.0,0.5150691316069513,0.0,0.53625,0.0
tops_four_way,within_tops,coarse,conv2,10,40,1,0.57075,0.0,0.5549390366096703,0.0,0.57075,0.0
tops_four_way,within_tops,coarse,conv2,30,120,1,0.675,0.0,0.670280893864481,0.0,0.675,0.0
tops_four_way,within_tops,coarse,conv2,100,400,1,0.72175,0.0,0.7196425401404942,0.0,0.72175,0.0
tops_four_way,within_tops,coarse,fc,5,20,1,0.48125,0.0,0.4620327418558268,0.0,0.48124999999999996,0.0
tops_four_way,within_tops,coarse,fc,10,40,1,0.52275,0.0,0.5058538094678307,0.0,0.52275,0.0
tops_four_way,within_tops,coarse,fc,30,120,1,0.6135,0.0,0.6120983455795125,0.0,0.6135,0.0
tops_four_way,within_tops,coarse,fc,100,400,1,0.655,0.0,0.6514681148771323,0.0,0.655,0.0
tops_four_way,within_tops,constant,constant,5,20,1,0.25,0.0,0.1,0.0,0.25,0.0
tops_four_way,within_tops,constant,constant,10,40,1,0.25,0.0,0.1,0.0,0.25,0.0
tops_four_way,within_tops,constant,constant,30,120,1,0.25,0.0,0.1,0.0,0.25,0.0
tops_four_way,within_tops,constant,constant,100,400,1,0.25,0.0,0.1,0.0,0.25,0.0
tops_four_way,within_tops,fine,conv1,5,20,1,0.53625,0.0,0.5188877295914186,0.0,0.53625,0.0
tops_four_way,within_tops,fine,conv1,10,40,1,0.56625,0.0,0.5464863427161558,0.0,0.5662500000000001,0.0
tops_four_way,within_tops,fine,conv1,30,120,1,0.6705,0.0,0.6642953408458654,0.0,0.6705,0.0
tops_four_way,within_tops,fine,conv1,100,400,1,0.74575,0.0,0.7438392732559993,0.0,0.7457499999999999,0.0
tops_four_way,within_tops,fine,conv2,5,20,1,0.5765,0.0,0.5543219962892267,0.0,0.5765,0.0
tops_four_way,within_tops,fine,conv2,10,40,1,0.577,0.0,0.5698870453708134,0.0,0.577,0.0
tops_four_way,within_tops,fine,conv2,30,120,1,0.6935,0.0,0.6902584585665116,0.0,0.6935,0.0
tops_four_way,within_tops,fine,conv2,100,400,1,0.7695,0.0,0.7671046043751011,0.0,0.7695000000000001,0.0
tops_four_way,within_tops,fine,fc,5,20,1,0.716,0.0,0.7025432240245859,0.0,0.716,0.0
tops_four_way,within_tops,fine,fc,10,40,1,0.77425,0.0,0.7656552212605356,0.0,0.77425,0.0
tops_four_way,within_tops,fine,fc,30,120,1,0.81425,0.0,0.8098000728767742,0.0,0.81425,0.0
tops_four_way,within_tops,fine,fc,100,400,1,0.8295,0.0,0.8282244080003792,0.0,0.8295,0.0
tops_four_way,within_tops,pixels,pixels,5,20,1,0.5085,0.0,0.49514865656699725,0.0,0.5085,0.0
tops_four_way,within_tops,pixels,pixels,10,40,1,0.5445,0.0,0.5373282088373448,0.0,0.5445,0.0
tops_four_way,within_tops,pixels,pixels,30,120,1,0.65475,0.0,0.6529906675988536,0.0,0.6547499999999999,0.0
tops_four_way,within_tops,pixels,pixels,100,400,1,0.69175,0.0,0.6890156579894411,0.0,0.69175,0.0
tops_four_way,within_tops,random,conv1,5,20,1,0.49275,0.0,0.4780533416524372,0.0,0.49275,0.0
tops_four_way,within_tops,random,conv1,10,40,1,0.54725,0.0,0.5353379197251931,0.0,0.54725,0.0
tops_four_way,within_tops,random,conv1,30,120,1,0.66325,0.0,0.6594846245758854,0.0,0.66325,0.0
tops_four_way,within_tops,random,conv1,100,400,1,0.72825,0.0,0.7258628907173992,0.0,0.7282500000000001,0.0
tops_four_way,within_tops,random,conv2,5,20,1,0.523,0.0,0.496774112541361,0.0,0.523,0.0
tops_four_way,within_tops,random,conv2,10,40,1,0.54925,0.0,0.5346976549810578,0.0,0.54925,0.0
tops_four_way,within_tops,random,conv2,30,120,1,0.66075,0.0,0.6573300702395666,0.0,0.6607500000000001,0.0
tops_four_way,within_tops,random,conv2,100,400,1,0.70725,0.0,0.705684784492539,0.0,0.7072499999999999,0.0
tops_four_way,within_tops,random,fc,5,20,1,0.501,0.0,0.4871511051012314,0.0,0.501,0.0
tops_four_way,within_tops,random,fc,10,40,1,0.52125,0.0,0.51113639502177,0.0,0.52125,0.0
tops_four_way,within_tops,random,fc,30,120,1,0.60625,0.0,0.6017297202472962,0.0,0.60625,0.0
tops_four_way,within_tops,random,fc,100,400,1,0.64675,0.0,0.6449083077908565,0.0,0.6467499999999999,0.0
tshirt_vs_coat,within_tops,coarse,conv1,5,10,1,0.849,0.0,0.8473808635817387,0.0,0.849,0.0
tshirt_vs_coat,within_tops,coarse,conv1,10,20,1,0.9045,0.0,0.9043794942576382,0.0,0.9045,0.0
tshirt_vs_coat,within_tops,coarse,conv1,30,60,1,0.939,0.0,0.9389117886227714,0.0,0.9390000000000001,0.0
tshirt_vs_coat,within_tops,coarse,conv1,100,200,1,0.9835,0.0,0.9834985107405942,0.0,0.9835,0.0
tshirt_vs_coat,within_tops,coarse,conv2,5,10,1,0.8935,0.0,0.8927878702310421,0.0,0.8935,0.0
tshirt_vs_coat,within_tops,coarse,conv2,10,20,1,0.915,0.0,0.9147869674185464,0.0,0.915,0.0
tshirt_vs_coat,within_tops,coarse,conv2,30,60,1,0.9545,0.0,0.9544967123874699,0.0,0.9544999999999999,0.0
tshirt_vs_coat,within_tops,coarse,conv2,100,200,1,0.9785,0.0,0.9784954786743912,0.0,0.9784999999999999,0.0
tshirt_vs_coat,within_tops,coarse,fc,5,10,1,0.845,0.0,0.8424995224179066,0.0,0.845,0.0
tshirt_vs_coat,within_tops,coarse,fc,10,20,1,0.9255,0.0,0.925482097073822,0.0,0.9255,0.0
tshirt_vs_coat,within_tops,coarse,fc,30,60,1,0.946,0.0,0.9459783913565426,0.0,0.946,0.0
tshirt_vs_coat,within_tops,coarse,fc,100,200,1,0.9595,0.0,0.95948897087232,0.0,0.9595,0.0
tshirt_vs_coat,within_tops,constant,constant,5,10,1,0.5,0.0,0.3333333333333333,0.0,0.5,0.0
tshirt_vs_coat,within_tops,constant,constant,10,20,1,0.5,0.0,0.3333333333333333,0.0,0.5,0.0
tshirt_vs_coat,within_tops,constant,constant,30,60,1,0.5,0.0,0.3333333333333333,0.0,0.5,0.0
tshirt_vs_coat,within_tops,constant,constant,100,200,1,0.5,0.0,0.3333333333333333,0.0,0.5,0.0
tshirt_vs_coat,within_tops,fine,conv1,5,10,1,0.89,0.0,0.8894737846889038,0.0,0.8899999999999999,0.0
tshirt_vs_coat,within_tops,fine,conv1,10,20,1,0.9125,0.0,0.9122488342257626,0.0,0.9125,0.0
tshirt_vs_coat,within_tops,fine,conv1,30,60,1,0.9495,0.0,0.9494645114531679,0.0,0.9495,0.0
tshirt_vs_coat,within_tops,fine,conv1,100,200,1,0.9825,0.0,0.9824972651976871,0.0,0.9824999999999999,0.0
tshirt_vs_coat,within_tops,fine,conv2,5,10,1,0.88,0.0,0.8790418908171627,0.0,0.88,0.0
tshirt_vs_coat,within_tops,fine,conv2,10,20,1,0.9145,0.0,0.9142899890456591,0.0,0.9145,0.0
tshirt_vs_coat,within_tops,fine,conv2,30,60,1,0.9565,0.0,0.9564997281233008,0.0,0.9564999999999999,0.0
tshirt_vs_coat,within_tops,fine,conv2,100,200,1,0.979,0.0,0.9789939292455521,0.0,0.979,0.0
tshirt_vs_coat,within_tops,fine,fc,5,10,1,0.9495,0.0,0.9494398207466437,0.0,0.9495,0.0
tshirt_vs_coat,within_tops,fine,fc,10,20,1,0.9745,0.0,0.9744994836145432,0.0,0.9744999999999999,0.0
tshirt_vs_coat,within_tops,fine,fc,30,60,1,0.98,0.0,0.9799983798687694,0.0,0.98,0.0
tshirt_vs_coat,within_tops,fine,fc,100,200,1,0.9855,0.0,0.9854980821213606,0.0,0.9855,0.0
tshirt_vs_coat,within_tops,pixels,pixels,5,10,1,0.8295,0.0,0.8294590275313645,0.0,0.8294999999999999,0.0
tshirt_vs_coat,within_tops,pixels,pixels,10,20,1,0.8805,0.0,0.8803959145446325,0.0,0.8805000000000001,0.0
tshirt_vs_coat,within_tops,pixels,pixels,30,60,1,0.938,0.0,0.9378956025078156,0.0,0.938,0.0
tshirt_vs_coat,within_tops,pixels,pixels,100,200,1,0.976,0.0,0.9759952950778352,0.0,0.976,0.0
tshirt_vs_coat,within_tops,random,conv1,5,10,1,0.8535,0.0,0.8534046763908232,0.0,0.8534999999999999,0.0
tshirt_vs_coat,within_tops,random,conv1,10,20,1,0.902,0.0,0.901691705187468,0.0,0.9019999999999999,0.0
tshirt_vs_coat,within_tops,random,conv1,30,60,1,0.919,0.0,0.9189979749493737,0.0,0.919,0.0
tshirt_vs_coat,within_tops,random,conv1,100,200,1,0.9815,0.0,0.9814971089232692,0.0,0.9815,0.0
tshirt_vs_coat,within_tops,random,conv2,5,10,1,0.889,0.0,0.8887846871543308,0.0,0.889,0.0
tshirt_vs_coat,within_tops,random,conv2,10,20,1,0.8895,0.0,0.8890526324773067,0.0,0.8895,0.0
tshirt_vs_coat,within_tops,random,conv2,30,60,1,0.934,0.0,0.9339888441146553,0.0,0.9339999999999999,0.0
tshirt_vs_coat,within_tops,random,conv2,100,200,1,0.9685,0.0,0.9684914217895821,0.0,0.9684999999999999,0.0
tshirt_vs_coat,within_tops,random,fc,5,10,1,0.867,0.0,0.8658143354681971,0.0,0.867,0.0
tshirt_vs_coat,within_tops,random,fc,10,20,1,0.8845,0.0,0.8839869613397848,0.0,0.8845,0.0
tshirt_vs_coat,within_tops,random,fc,30,60,1,0.9145,0.0,0.9144443674499343,0.0,0.9145,0.0
tshirt_vs_coat,within_tops,random,fc,100,200,1,0.965,0.0,0.96498988207592,0.0,0.965,0.0
tshirt_vs_non_tops,cross_pooled,coarse,conv1,5,10,1,0.8352857142857143,0.0,0.7468734035516318,0.0,0.8434999999999999,0.0
tshirt_vs_non_tops,cross_pooled,coarse,conv1,10,20,1,0.8934285714285715,0.0,0.824236252326463,0.0,0.9090833333333334,0.0
tshirt_vs_non_tops,cross_pooled,coarse,conv1,30,60,1,0.934,0.0,0.8821139183438034,0.0,0.9394166666666666,0.0
tshirt_vs_non_tops,cross_pooled,coarse,conv1,100,200,1,0.9617142857142857,0.0,0.927304133465271,0.0,0.9601666666666666,0.0
tshirt_vs_non_tops,cross_pooled,coarse,conv2,5,10,1,0.8861428571428571,0.0,0.8133761623723057,0.0,0.8985833333333333,0.0
tshirt_vs_non_tops,cross_pooled,coarse,conv2,10,20,1,0.9127142857142857,0.0,0.8493880389875453,0.0,0.9178333333333333,0.0
tshirt_vs_non_tops,cross_pooled,coarse,conv2,30,60,1,0.9348571428571428,0.0,0.8844258135379952,0.0,0.9453333333333334,0.0
tshirt_vs_non_tops,cross_pooled,coarse,conv2,100,200,1,0.9641428571428572,0.0,0.9320927315685199,0.0,0.9665833333333333,0.0
tshirt_vs_non_tops,cross_pooled,coarse,fc,5,10,1,0.9572857142857143,0.0,0.920575044269072,0.0,0.963,0.0
tshirt_vs_non_tops,cross_pooled,coarse,fc,10,20,1,0.9425714285714286,0.0,0.8972846350078493,0.0,0.9560833333333334,0.0
tshirt_vs_non_tops,cross_pooled,coarse,fc,30,60,1,0.9772857142857143,0.0,0.9554447104284478,0.0,0.9742500000000001,0.0
tshirt_vs_non_tops,cross_pooled,coarse,fc,100,200,1,0.9797142857142858,0.0,0.9600041911101147,0.0,0.9764999999999999,0.0
tshirt_vs_non_tops,cross_pooled,constant,constant,5,10,1,0.8571428571428571,0.0,0.46153846153846156,0.0,0.5,0.0
tshirt_vs_non_tops,cross_pooled,constant,constant,10,20,1,0.8571428571428571,0.0,0.46153846153846156,0.0,0.5,0.0
tshirt_vs_non_tops,cross_pooled,constant,constant,30,60,1,0.8571428571428571,0.0,0.46153846153846156,0.0,0.5,0.0
tshirt_vs_non_tops,cross_pooled,constant,constant,100,200,1,0.8571428571428571,0.0,0.46153846153846156,0.0,0.5,0.0
tshirt_vs_non_tops,cross_pooled,fine,conv1,5,10,1,0.8118571428571428,0.0,0.735045390182091,0.0,0.8723333333333333,0.0
tshirt_vs_non_tops,cross_pooled,fine,conv1,10,20,1,0.898,0.0,0.8315764444796703,0.0,0.9175833333333333,0.0
tshirt_vs_non_tops,cross_pooled,fine,conv1,30,60,1,0.9384285714285714,0.0,0.8880028729471849,0.0,0.9374166666666667,0.0
tshirt_vs_non_tops,cross_pooled,fine,conv1,100,200,1,0.9531428571428572,0.0,0.9128401360544218,0.0,0.9543333333333333,0.0
tshirt_vs_non_tops,cross_pooled,fine,conv2,5,10,1,0.8304285714285714,0.0,0.7537005024788389,0.0,0.8815,0.0
tshirt_vs_non_tops,cross_pooled,fine,conv2,10,20,1,0.9161428571428571,0.0,0.8558562780800056,0.0,0.9273333333333333,0.0
tshirt_vs_non_tops,cross_pooled,fine,conv2,30,60,1,0.9407142857142857,0.0,0.8923855616764277,0.0,0.9433333333333334,0.0
tshirt_vs_non_tops,cross_pooled,fine,conv2,100,200,1,0.9611428571428572,0.0,0.926329063927181,0.0,0.9598333333333333,0.0
tshirt_vs_non_tops,cross_pooled,fine,fc,5,10,1,0.9467142857142857,0.0,0.9037443165922052,0.0,0.9584999999999999,0.0
tshirt_vs_non_tops,cross_pooled,fine,fc,10,20,1,0.9645714285714285,0.0,0.9332758439644849,0.0,0.9705833333333334,0.0
tshirt_vs_non_tops,cross_pooled,fine,fc,30,60,1,0.9705714285714285,0.0,0.9430097552122756,0.0,0.9674166666666666,0.0
tshirt_vs_non_tops,cross_pooled,fine,fc,100,200,1,0.9837142857142858,0.0,0.967425247474232,0.0,0.9771666666666666,0.0
tshirt_vs_non_tops,cross_pooled,pixels,pixels,5,10,1,0.794,0.0,0.7114554309267638,0.0,0.8410833333333334,0.0
tshirt_vs_non_tops,cross_pooled,pixels,pixels,10,20,1,0.8975714285714286,0.0,0.8275226851999653,0.0,0.9031666666666667,0.0
tshirt_vs_non_tops,cross_pooled,pixels,pixels,30,60,1,0.9075714285714286,0.0,0.8424202304171822,0.0,0.91525,0.0
tshirt_vs_non_tops,cross_pooled,pixels,pixels,100,200,1,0.9321428571428572,0.0,0.878508629669055,0.0,0.9341666666666667,0.0
tshirt_vs_non_tops,cross_pooled,random,conv1,5,10,1,0.8365714285714285,0.0,0.750973219545592,0.0,0.853,0.0
tshirt_vs_non_tops,cross_pooled,random,conv1,10,20,1,0.84,0.0,0.7555729065536516,0.0,0.8579166666666667,0.0
tshirt_vs_non_tops,cross_pooled,random,conv1,30,60,1,0.9054285714285715,0.0,0.8404103788218167,0.0,0.9177500000000001,0.0
tshirt_vs_non_tops,cross_pooled,random,conv1,100,200,1,0.9555714285714285,0.0,0.916047049285164,0.0,0.9503333333333333,0.0
tshirt_vs_non_tops,cross_pooled,random,conv2,5,10,1,0.8794285714285714,0.0,0.8064676493707447,0.0,0.9000833333333333,0.0
tshirt_vs_non_tops,cross_pooled,random,conv2,10,20,1,0.9285714285714286,0.0,0.8712814119325809,0.0,0.9229166666666666,0.0
tshirt_vs_non_tops,cross_pooled,random,conv2,30,60,1,0.9474285714285714,0.0,0.9012807595127255,0.0,0.93725,0.0
tshirt_vs_non_tops,cross_pooled,random,conv2,100,200,1,0.9481428571428572,0.0,0.9035046642640177,0.0,0.9439166666666666,0.0
tshirt_vs_non_tops,cross_pooled,random,fc,5,10,1,0.8791428571428571,0.0,0.8017284245907108,0.0,0.8836666666666666,0.0
tshirt_vs_non_tops,cross_pooled,random,fc,10,20,1,0.9451428571428572,0.0,0.8961485965224616,0.0,0.9279999999999999,0.0
tshirt_vs_non_tops,cross_pooled,random,fc,30,60,1,0.9527142857142857,0.0,0.909298564736887,0.0,0.9361666666666667,0.0
tshirt_vs_non_tops,cross_pooled,random,fc,100,200,1,0.9445714285714286,0.0,0.8963711749478918,0.0,0.9339166666666667,0.0
tshirt_vs_pullover,within_tops,coarse,conv1,5,10,1,0.887,0.0,0.886427480931375,0.0,0.887,0.0
tshirt_vs_pullover,within_tops,coarse,conv1,10,20,1,0.8595,0.0,0.8581234785194656,0.0,0.8594999999999999,0.0
tshirt_vs_pullover,within_tops,coarse,conv1,30,60,1,0.954,0.0,0.953992224685972,0.0,0.954,0.0
tshirt_vs_pullover,within_tops,coarse,conv1,100,200,1,0.961,0.0,0.960999648996841,0.0,0.961,0.0
tshirt_vs_pullover,within_tops,coarse,conv2,5,10,1,0.9245,0.0,0.9244712802042977,0.0,0.9245,0.0
tshirt_vs_pullover,within_tops,coarse,conv2,10,20,1,0.9395,0.0,0.9394905453977185,0.0,0.9395,0.0
tshirt_vs_pullover,within_tops,coarse,conv2,30,60,1,0.956,0.0,0.9559746413934427,0.0,0.956,0.0
tshirt_vs_pullover,within_tops,coarse,conv2,100,200,1,0.96,0.0,0.9599985599481582,0.0,0.96,0.0
tshirt_vs_pullover,within_tops,coarse,fc,5,10,1,0.8095,0.0,0.8082574604078077,0.0,0.8095,0.0
tshirt_vs_pullover,within_tops,coarse,fc,10,20,1,0.8845,0.0,0.8835882339453183,0.0,0.8845000000000001,0.0
tshirt_vs_pullover,within_tops,coarse,fc,30,60,1,0.933,0.0,0.9329269574566703,0.0,0.933,0.0
tshirt_vs_pullover,within_tops,coarse,fc,100,200,1,0.95,0.0,0.9499967997951868,0.0,0.95,0.0
tshirt_vs_pullover,within_tops,constant,constant,5,10,1,0.5,0.0,0.3333333333333333,0.0,0.5,0.0
tshirt_vs_pullover,within_tops,constant,constant,10,20,1,0.5,0.0,0.3333333333333333,0.0,0.5,0.0
tshirt_vs_pullover,within_tops,constant,constant,30,60,1,0.5,0.0,0.3333333333333333,0.0,0.5,0.0
tshirt_vs_pullover,within_tops,constant,constant,100,200,1,0.5,0.0,0.3333333333333333,0.0,0.5,0.0
tshirt_vs_pullover,within_tops,fine,conv1,5,10,1,0.869,0.0,0.867424874939152,0.0,0.869,0.0
tshirt_vs_pullover,within_tops,fine,conv1,10,20,1,0.871,0.0,0.8695059738951253,0.0,0.871,0.0
tshirt_vs_pullover,within_tops,fine,conv1,30,60,1,0.9425,0.0,0.9424967654430562,0.0,0.9425,0.0
tshirt_vs_pullover,within_tops,fine,conv1,100,200,1,0.965,0.0,0.965,0.0,0.965,0.0
tshirt_vs_pullover,within_tops,fine,conv2,5,10,1,0.942,0.0,0.9419851481979387,0.0,0.942,0.0
tshirt_vs_pullover,within_tops,fine,conv2,10,20,1,0.9065,0.0,0.9061093915963889,0.0,0.9065,0.0
tshirt_vs_pullover,within_tops,fine,conv2,30,60,1,0.95,0.0,0.9499579146061838,0.0,0.95,0.0
tshirt_vs_pullover,within_tops,fine,conv2,100,200,1,0.959,0.0,0.958999958999959,0.0,0.959,0.0
tshirt_vs_pullover,within_tops,fine,fc,5,10,1,0.9495,0.0,0.9494978662848506,0.0,0.9495,0.0
tshirt_vs_pullover,within_tops,fine,fc,10,20,1,0.957,0.0,0.9569844713941733,0.0,0.957,0.0
tshirt_vs_pullover,within_tops,fine,fc,30,60,1,0.9605,0.0,0.9604927998127659,0.0,0.9604999999999999,0.0
tshirt_vs_pullover,within_tops,fine,fc,100,200,1,0.966,0.0,0.9659933346936,0.0,0.966,0.0
tshirt_vs_pullover,within_tops,pixels,pixels,5,10,1,0.909,0.0,0.9089908990899089,0.0,0.909,0.0
tshirt_vs_pullover,within_tops,pixels,pixels,10,20,1,0.925,0.0,0.9248798076923077,0.0,0.925,0.0
tshirt_vs_pullover,within_tops,pixels,pixels,30,60,1,0.945,0.0,0.9449986249656241,0.0,0.945,0.0
tshirt_vs_pullover,within_tops,pixels,pixels,100,200,1,0.959,0.0,0.9589989749743744,0.0,0.959,0.0
tshirt_vs_pullover,within_tops,random,conv1,5,10,1,0.853,0.0,0.8527148559611408,0.0,0.853,0.0
tshirt_vs_pullover,within_tops,random,conv1,10,20,1,0.866,0.0,0.8656081132582611,0.0,0.8660000000000001,0.0
tshirt_vs_pullover,within_tops,random,conv1,30,60,1,0.927,0.0,0.9269911659310777,0.0,0.927,0.0
tshirt_vs_pullover,within_tops,random,conv1,100,200,1,0.9585,0.0,0.9584999066247899,0.0,0.9584999999999999,0.0
tshirt_vs_pullover,within_tops,random,conv2,5,10,1,0.918,0.0,0.9179933574619543,0.0,0.918,0.0
tshirt_vs_pullover,within_tops,random,conv2,10,20,1,0.94,0.0,0.9399562280902778,0.0,0.94,0.0
tshirt_vs_pullover,within_tops,random,conv2,30,60,1,0.9475,0.0,0.9474734084130091,0.0,0.9475,0.0
tshirt_vs_pullover,within_tops,random,conv2,100,200,1,0.9585,0.0,0.9584997406233788,0.0,0.9584999999999999,0.0
tshirt_vs_pullover,within_tops,random,fc,5,10,1,0.9205,0.0,0.9204998211245976,0.0,0.9205000000000001,0.0
tshirt_vs_pullover,within_tops,random,fc,10,20,1,0.942,0.0,0.9419744107151253,0.0,0.942,0.0
tshirt_vs_pullover,within_tops,random,fc,30,60,1,0.946,0.0,0.9459688780737705,0.0,0.946,0.0
tshirt_vs_pullover,within_tops,random,fc,100,200,1,0.9505,0.0,0.9504964233665882,0.0,0.9504999999999999,0.0
tshirt_vs_shirt,within_tops,coarse,conv1,5,10,1,0.7625,0.0,0.7614450503740164,0.0,0.7625,0.0
tshirt_vs_shirt,within_tops,coarse,conv1,10,20,1,0.7755,0.0,0.7736871777152939,0.0,0.7755000000000001,0.0
tshirt_vs_shirt,within_tops,coarse,conv1,30,60,1,0.785,0.0,0.7842232035327178,0.0,0.7849999999999999,0.0
tshirt_vs_shirt,within_tops,coarse,conv1,100,200,1,0.809,0.0,0.8085771469175409,0.0,0.8089999999999999,0.0
tshirt_vs_shirt,within_tops,coarse,conv2,5,10,1,0.779,0.0,0.7773916547052454,0.0,0.7789999999999999,0.0
tshirt_vs_shirt,within_tops,coarse,conv2,10,20,1,0.7865,0.0,0.7833542495419109,0.0,0.7865,0.0
tshirt_vs_shirt,within_tops,coarse,conv2,30,60,1,0.7855,0.0,0.7844588825172791,0.0,0.7855,0.0
tshirt_vs_shirt,within_tops,coarse,conv2,100,200,1,0.8195,0.0,0.8193825535054169,0.0,0.8195,0.0
tshirt_vs_shirt,within_tops,coarse,fc,5,10,1,0.7635,0.0,0.7588746737097691,0.0,0.7635000000000001,0.0
tshirt_vs_shirt,within_tops,coarse,fc,10,20,1,0.77,0.0,0.7668629072803645,0.0,0.77,0.0
tshirt_vs_shirt,within_tops,coarse,fc,30,60,1,0.7705,0.0,0.7677660842857328,0.0,0.7705,0.0
tshirt_vs_shirt,within_tops,coarse,fc,100,200,1,0.791,0.0,0.7902945508691237,0.0,0.7909999999999999,0.0
tshirt_vs_shirt,within_tops,constant,constant,5,10,1,0.5,0.0,0.3333333333333333,0.0,0.5,0.0
tshirt_vs_shirt,within_tops,constant,constant,10,20,1,0.5,0.0,0.3333333333333333,0.0,0.5,0.0
tshirt_vs_shirt,within_tops,constant,constant,30,60,1,0.5,0.0,0.3333333333333333,0.0,0.5,0.0
tshirt_vs_shirt,within_tops,constant,constant,100,200,1,0.5,0.0,0.3333333333333333,0.0,0.5,0.0
tshirt_vs_shirt,within_tops,fine,conv1,5,10,1,0.778,0.0,0.7743606631357159,0.0,0.778,0.0
tshirt_vs_shirt,within_tops,fine,conv1,10,20,1,0.7765,0.0,0.7708147739872204,0.0,0.7765,0.0
tshirt_vs_shirt,within_tops,fine,conv1,30,60,1,0.772,0.0,0.7688901863474918,0.0,0.772,0.0
tshirt_vs_shirt,within_tops,fine,conv1,100,200,1,0.8265,0.0,0.8262932455354985,0.0,0.8265,0.0
tshirt_vs_shirt,within_tops,fine,conv2,5,10,1,0.7795,0.0,0.7767241791765679,0.0,0.7795000000000001,0.0
tshirt_vs_shirt,within_tops,fine,conv2,10,20,1,0.7895,0.0,0.7868500667422564,0.0,0.7895000000000001,0.0
tshirt_vs_shirt,within_tops,fine,conv2,30,60,1,0.7805,0.0,0.7793077653754998,0.0,0.7805,0.0
tshirt_vs_shirt,within_tops,fine,conv2,100,200,1,0.8385,0.0,0.8382213767661355,0.0,0.8385,0.0
tshirt_vs_shirt,within_tops,fine,fc,5,10,1,0.815,0.0,0.8127340823970037,0.0,0.815,0.0
tshirt_vs_shirt,within_tops,fine,fc,10,20,1,0.788,0.0,0.7819179085515955,0.0,0.788,0.0
tshirt_vs_shirt,within_tops,fine,fc,30,60,1,0.832,0.0,0.8310749665166453,0.0,0.8320000000000001,0.0
tshirt_vs_shirt,within_tops,fine,fc,100,200,1,0.865,0.0,0.8649155722326454,0.0,0.865,0.0
tshirt_vs_shirt,within_tops,pixels,pixels,5,10,1,0.721,0.0,0.7207316230897893,0.0,0.721,0.0
tshirt_vs_shirt,within_tops,pixels,pixels,10,20,1,0.719,0.0,0.7188242651657286,0.0,0.719,0.0
tshirt_vs_shirt,within_tops,pixels,pixels,30,60,1,0.785,0.0,0.7847052615029977,0.0,0.7849999999999999,0.0
tshirt_vs_shirt,within_tops,pixels,pixels,100,200,1,0.8145,0.0,0.8139473771971197,0.0,0.8145,0.0
tshirt_vs_shirt,within_tops,random,conv1,5,10,1,0.7545,0.0,0.7530165556875986,0.0,0.7545,0.0
tshirt_vs_shirt,within_tops,random,conv1,10,20,1,0.7865,0.0,0.7840038950117293,0.0,0.7865,0.0
tshirt_vs_shirt,within_tops,random,conv1,30,60,1,0.783,0.0,0.78202149448876,0.0,0.7829999999999999,0.0
tshirt_vs_shirt,within_tops,random,conv1,100,200,1,0.8075,0.0,0.8072706038362161,0.0,0.8075,0.0
tshirt_vs_shirt,within_tops,random,conv2,5,10,1,0.7505,0.0,0.748346792241113,0.0,0.7505,0.0
tshirt_vs_shirt,within_tops,random,conv2,10,20,1,0.773,0.0,0.7696834415584416,0.0,0.773,0.0
tshirt_vs_shirt,within_tops,random,conv2,30,60,1,0.7885,0.0,0.7872549628563763,0.0,0.7885,0.0
tshirt_vs_shirt,within_tops,random,conv2,100,200,1,0.8165,0.0,0.8159928302383443,0.0,0.8165,0.0
tshirt_vs_shirt,within_tops,random,fc,5,10,1,0.73,0.0,0.7291199105895053,0.0,0.73,0.0
tshirt_vs_shirt,within_tops,random,fc,10,20,1,0.7535,0.0,0.7516417212689647,0.0,0.7535000000000001,0.0
tshirt_vs_shirt,within_tops,random,fc,30,60,1,0.7765,0.0,0.7742651687367863,0.0,0.7765,0.0
tshirt_vs_shirt,within_tops,random,fc,100,200,1,0.7885,0.0,0.7866747357073964,0.0,0.7885,0.0
