task,task_category,comparison,family,layer,sample_size,original_feature_count,feature_count,source_seed,n_sampling_repeats,n_projection_seeds,n_pairs,test_accuracy_mean,test_accuracy_std,test_macro_f1_mean,test_macro_f1_std,test_balanced_accuracy_mean,test_balanced_accuracy_std
ankle_boot_vs_non_footwear,cross_pooled,coarse_minus_random,coarse,conv1,10,3136,32,42,10,5,50,0.0035299999999999997,0.01114670721032238,0.006790573134049076,0.019743376444777676,0.004014285714285708,0.011005668525437015
ankle_boot_vs_non_footwear,cross_pooled,coarse_minus_random,coarse,conv1,20,3136,32,42,10,5,50,0.0016074999999999996,0.009965470039704348,0.00321803353180933,0.0194276367838313,0.0024357142857142924,0.008761251467701403
ankle_boot_vs_non_footwear,cross_pooled,coarse_minus_random,coarse,conv1,30,3136,32,42,10,5,50,0.0006750000000000034,0.008110249562077836,0.0014648963814914361,0.01610365456400489,0.0007285714285714273,0.0062321298044255066
ankle_boot_vs_non_footwear,cross_pooled,coarse_minus_random,coarse,conv1,50,3136,32,42,10,5,50,0.0007549999999999968,0.005995425552120589,0.0016689151510194944,0.012192396162971774,0.0009800000000000008,0.004272770541068915
ankle_boot_vs_non_footwear,cross_pooled,coarse_minus_random,coarse,conv1,80,3136,32,42,10,5,50,0.0012399999999999967,0.0038847261085918896,0.0026163892211033633,0.007874386766197847,0.000999999999999983,0.0028860418946328615
ankle_boot_vs_non_footwear,cross_pooled,coarse_minus_random,coarse,conv1,110,3136,32,42,10,5,50,0.0008925000000000028,0.0032356443149167457,0.0019244541474141808,0.006873690930135968,0.0004928571428571282,0.0025352266192253618
ankle_boot_vs_non_footwear,cross_pooled,coarse_minus_random,coarse,conv1,150,3136,32,42,10,5,50,0.0013949999999999906,0.0023987613725522878,0.003049731204907065,0.005189529445202276,0.001097142857142861,0.002016578518501776
ankle_boot_vs_non_footwear,cross_pooled,coarse_minus_random,coarse,conv1,200,3136,32,42,10,5,50,0.0011424999999999975,0.0017139155106221046,0.002517681430254597,0.003746005566935821,0.0009528571428571463,0.0013859239118891088
ankle_boot_vs_non_footwear,cross_pooled,coarse_minus_random,coarse,conv2,10,1568,32,42,10,5,50,0.0301825,0.04104481443607507,0.05055093654802089,0.06036435153255502,0.0259557142857143,0.031248259893243414
ankle_boot_vs_non_footwear,cross_pooled,coarse_minus_random,coarse,conv2,20,1568,32,42,10,5,50,0.017482499999999998,0.02794505370876418,0.03281363853018896,0.04964103724726141,0.014344285714285707,0.01906266486058123
ankle_boot_vs_non_footwear,cross_pooled,coarse_minus_random,coarse,conv2,30,1568,32,42,10,5,50,0.010642500000000004,0.02009872016562046,0.02144321491715164,0.03920679797787974,0.01095857142857143,0.013564345934584155
ankle_boot_vs_non_footwear,cross_pooled,coarse_minus_random,coarse,conv2,50,1568,32,42,10,5,50,0.009000000000000001,0.017643218619778703,0.018720359648969013,0.03439457952372747,0.008228571428571425,0.011547684670147072
ankle_boot_vs_non_footwear,cross_pooled,coarse_minus_random,coarse,conv2,80,1568,32,42,10,5,50,0.006442499999999998,0.015678453668610804,0.013631048342646454,0.03011520415268479,0.005764285714285719,0.010031554235669251
ankle_boot_vs_non_footwear,cross_pooled,coarse_minus_random,coarse,conv2,110,1568,32,42,10,5,50,0.007282499999999998,0.011481707112371647,0.015310395377292597,0.023360583317196055,0.005892857142857144,0.008144138945708977
ankle_boot_vs_non_footwear,cross_pooled,coarse_minus_random,coarse,conv2,150,1568,32,42,10,5,50,0.006087500000000001,0.009741566538419228,0.01289925489436276,0.020131831191467893,0.004850000000000018,0.0070566850160145075
ankle_boot_vs_non_footwear,cross_pooled,coarse_minus_random,coarse,conv2,200,1568,32,42,10,5,50,0.0053975000000000065,0.0074422817333099755,0.011648667320624154,0.015835243968409178,0.004318571428571436,0.005526793055897372
ankle_boot_vs_non_footwear,cross_pooled,coarse_minus_random,coarse,fc,10,128,32,42,10,5,50,0.030632500000000017,0.023021789949958273,0.060827628841526094,0.04216182000695831,0.024807142857142868,0.01662512819640365
ankle_boot_vs_non_footwear,cross_pooled,coarse_minus_random,coarse,fc,20,128,32,42,10,5,50,0.014895000000000018,0.015130245759229883,0.03089143590269463,0.028477708990334753,0.012274285714285727,0.008512410520017688
ankle_boot_vs_non_footwear,cross_pooled,coarse_minus_random,coarse,fc,30,128,32,42,10,5,50,0.011420000000000008,0.010499233451125108,0.024348792779686827,0.020903685704151825,0.00977428571428571,0.0064145516057793886
ankle_boot_vs_non_footwear,cross_pooled,coarse_minus_random,coarse,fc,50,128,32,42,10,5,50,0.009962500000000016,0.008980323232330936,0.021436842399048427,0.018366269463955098,0.008872857142857151,0.0055851347070558655
ankle_boot_vs_non_footwear,cross_pooled,coarse_minus_random,coarse,fc,80,128,32,42,10,5,50,0.007812500000000005,0.006897539582772861,0.017006151823329027,0.014283245902240988,0.006649999999999998,0.004037600503505248
ankle_boot_vs_non_footwear,cross_pooled,coarse_minus_random,coarse,fc,110,128,32,42,10,5,50,0.006230000000000009,0.004642813186605101,0.013737410077364587,0.009818074427257475,0.005831428571428576,0.0030387186299688862
ankle_boot_vs_non_footwear,cross_pooled,coarse_minus_random,coarse,fc,150,128,32,42,10,5,50,0.0053525000000000135,0.004137904212945269,0.01185647172907316,0.008844376915623788,0.00539000000000001,0.0029010191519447215
ankle_boot_vs_non_footwear,cross_pooled,coarse_minus_random,coarse,fc,200,128,32,42,10,5,50,0.004170000000000011,0.0032328590366764187,0.009293331387113935,0.006996596581501485,0.004088571428571437,0.0024694535326034482
ankle_boot_vs_non_footwear,cross_pooled,fine_minus_random,fine,conv1,10,3136,32,42,10,5,50,-0.010072499999999998,0.01703455540382908,-0.018846002761653654,0.030042066428272344,-0.009441428571428562,0.017790544557015446
ankle_boot_vs_non_footwear,cross_pooled,fine_minus_random,fine,conv1,20,3136,32,42,10,5,50,-0.011064999999999993,0.014909168867731378,-0.02126872214005009,0.0274924489043652,-0.009511428571428568,0.011479690339713435
ankle_boot_vs_non_footwear,cross_pooled,fine_minus_random,fine,conv1,30,3136,32,42,10,5,50,-0.0103525,0.012403085784989006,-0.020262650748166376,0.02325504271389665,-0.008907142857142865,0.009805695057474681
ankle_boot_vs_non_footwear,cross_pooled,fine_minus_random,fine,conv1,50,3136,32,42,10,5,50,-0.010214999999999997,0.011661795508831205,-0.02043554389400927,0.022647560280024594,-0.008777142857142862,0.00898233538792897
ankle_boot_vs_non_footwear,cross_pooled,fine_minus_random,fine,conv1,80,3136,32,42,10,5,50,-0.010122500000000003,0.009411628784517108,-0.020587394547375338,0.017964747060657028,-0.00838142857142858,0.007139949991483343
ankle_boot_vs_non_footwear,cross_pooled,fine_minus_random,fine,conv1,110,3136,32,42,10,5,50,-0.008644999999999988,0.007918041592026467,-0.018183712539117373,0.016014134656605988,-0.0074428571428571556,0.0063513174737722606
ankle_boot_vs_non_footwear,cross_pooled,fine_minus_random,fine,conv1,150,3136,32,42,10,5,50,-0.007067500000000007,0.0067975090162890215,-0.015017122499946857,0.013776780676493027,-0.006549999999999992,0.005316791667536449
ankle_boot_vs_non_footwear,cross_pooled,fine_minus_random,fine,conv1,200,3136,32,42,10,5,50,-0.006385000000000012,0.005496220872340474,-0.013723897642546062,0.011239573276055029,-0.0057914285714285715,0.0042502135086139765
ankle_boot_vs_non_footwear,cross_pooled,fine_minus_random,fine,conv2,10,1568,32,42,10,5,50,-0.003322500000000004,0.050783517194287045,-0.010642364869850788,0.07085237456504652,-0.0002957142857142858,0.03985903944932158
ankle_boot_vs_non_footwear,cross_pooled,fine_minus_random,fine,conv2,20,1568,32,42,10,5,50,-0.010865000000000008,0.023904169860814964,-0.021137961464187588,0.040901772540210296,-0.006097142857142861,0.01888479044859592
ankle_boot_vs_non_footwear,cross_pooled,fine_minus_random,fine,conv2,30,1568,32,42,10,5,50,-0.013712499999999996,0.018317081251149826,-0.026071997578518687,0.03450269215684352,-0.006430000000000007,0.014039351563962136
ankle_boot_vs_non_footwear,cross_pooled,fine_minus_random,fine,conv2,50,1568,32,42,10,5,50,-0.010894999999999986,0.016988729757563104,-0.021380564986462215,0.032173044155878246,-0.0063114285714285945,0.0109037835082065
ankle_boot_vs_non_footwear,cross_pooled,fine_minus_random,fine,conv2,80,1568,32,42,10,5,50,-0.010657500000000009,0.016603144872067384,-0.021224639545139735,0.03138054523410668,-0.006535714285714278,0.010291212188717272
ankle_boot_vs_non_footwear,cross_pooled,fine_minus_random,fine,conv2,110,1568,32,42,10,5,50,-0.0082775,0.014453198793247905,-0.017321886794468274,0.028941283077607183,-0.005561428571428579,0.009509087369839804
ankle_boot_vs_non_footwear,cross_pooled,fine_minus_random,fine,conv2,150,1568,32,42,10,5,50,-0.007000000000000002,0.012960029801238108,-0.014752135371376348,0.026248002102969493,-0.004642857142857142,0.008106614655093736
ankle_boot_vs_non_footwear,cross_pooled,fine_minus_random,fine,conv2,200,1568,32,42,10,5,50,-0.006899999999999997,0.010465778781830058,-0.01461480318680551,0.021762438223557203,-0.004534285714285713,0.006810706469638585
ankle_boot_vs_non_footwear,cross_pooled,fine_minus_random,fine,fc,10,128,32,42,10,5,50,0.014402499999999999,0.03249555787931259,0.02843577154113272,0.06014643325267363,0.009670000000000005,0.02101794561561322
ankle_boot_vs_non_footwear,cross_pooled,fine_minus_random,fine,fc,20,128,32,42,10,5,50,0.008025000000000004,0.020134544257295207,0.01636949347434308,0.039121615705364446,0.0058114285714285915,0.012254993797207578
ankle_boot_vs_non_footwear,cross_pooled,fine_minus_random,fine,fc,30,128,32,42,10,5,50,0.006899999999999997,0.013468903149136402,0.014618640968153945,0.027288734258133735,0.005245714285714281,0.008294068875344262
ankle_boot_vs_non_footwear,cross_pooled,fine_minus_random,fine,fc,50,128,32,42,10,5,50,0.008115000000000015,0.011402840453508206,0.017504392396390137,0.02344458342683571,0.00661714285714286,0.007317340606578758
ankle_boot_vs_non_footwear,cross_pooled,fine_minus_random,fine,fc,80,128,32,42,10,5,50,0.007429999999999995,0.007041973285599857,0.0161424992081492,0.01462123641918242,0.00558285714285714,0.004232107890027885
ankle_boot_vs_non_footwear,cross_pooled,fine_minus_random,fine,fc,110,128,32,42,10,5,50,0.006147500000000001,0.004921364425250623,0.013555041401078535,0.010447265222989654,0.005244285714285721,0.0031073762520833726
ankle_boot_vs_non_footwear,cross_pooled,fine_minus_random,fine,fc,150,128,32,42,10,5,50,0.005307499999999998,0.0043597920810281715,0.011755970750148774,0.009349136142017243,0.004747142857142861,0.002933747470229053
ankle_boot_vs_non_footwear,cross_pooled,fine_minus_random,fine,fc,200,128,32,42,10,5,50,0.0040424999999999975,0.003449860430480615,0.00900741939154114,0.007491470665694284,0.0035014285714285685,0.002502414078093873
footwear_three_way,within_footwear,coarse_minus_random,coarse,conv1,10,3136,32,42,10,5,50,0.0024333333333333364,0.025048728021801903,0.0024382869071892265,0.02651856299949266,0.002433333333333323,0.02504872802180189
footwear_three_way,within_footwear,coarse_minus_random,coarse,conv1,20,3136,32,42,10,5,50,-7.333333333333414e-05,0.019436073481569068,-0.00035237244183704774,0.02077211771827903,-7.333333333334747e-05,0.019436073481569074
footwear_three_way,within_footwear,coarse_minus_random,coarse,conv1,30,3136,32,42,10,5,50,0.0006933333333333414,0.015496007824707675,0.0007235978377423491,0.016475888824778937,0.000693333333333348,0.015496007824707678
footwear_three_way,within_footwear,coarse_minus_random,coarse,conv1,50,3136,32,42,10,5,50,0.001539999999999999,0.010836632673932926,0.0016274626962621407,0.011387906939657974,0.0015399999999999969,0.010836632673932907
footwear_three_way,within_footwear,coarse_minus_random,coarse,conv1,80,3136,32,42,10,5,50,-0.00020666666666667056,0.01011765032369484,-0.000173371867776837,0.010394368817964099,-0.00020666666666666834,0.010117650323694835
footwear_three_way,within_footwear,coarse_minus_random,coarse,conv1,110,3136,32,42,10,5,50,0.0017800000000000038,0.011540249980590216,0.0018332496510355689,0.011803205683523318,0.0017800000000000105,0.011540249980590181
footwear_three_way,within_footwear,coarse_minus_random,coarse,conv1,150,3136,32,42,10,5,50,0.002326666666666659,0.0109859712645651,0.0023481988592468682,0.01121796107400647,0.00232666666666667,0.010985971264565091
footwear_three_way,within_footwear,coarse_minus_random,coarse,conv1,200,3136,32,42,10,5,50,0.001193333333333324,0.010100198691384349,0.0012360710734568192,0.010278709325092747,0.0011933333333333574,0.010100198691384347
footwear_three_way,within_footwear,coarse_minus_random,coarse,conv2,10,1568,32,42,10,5,50,0.011133333333333321,0.05230600699104204,0.012514851138874367,0.05407529001512349,0.011133333333333354,0.052306006991042056
footwear_three_way,within_footwear,coarse_minus_random,coarse,conv2,20,1568,32,42,10,5,50,0.014653333333333319,0.025608686168099998,0.014480865069389863,0.026461215875032543,0.014653333333333326,0.025608686168099994
footwear_three_way,within_footwear,coarse_minus_random,coarse,conv2,30,1568,32,42,10,5,50,0.010339999999999995,0.032110035447150076,0.010174525276785912,0.033455006154833516,0.010340000000000009,0.03211003544715008
footwear_three_way,within_footwear,coarse_minus_random,coarse,conv2,50,1568,32,42,10,5,50,0.010326666666666668,0.020537172757042487,0.010634723459328477,0.02129700850159215,0.01032666666666666,0.020537172757042477
footwear_three_way,within_footwear,coarse_minus_random,coarse,conv2,80,1568,32,42,10,5,50,0.010613333333333329,0.018368779586354217,0.010827025257450282,0.018840502279584604,0.01061333333333334,0.018368779586354227
footwear_three_way,within_footwear,coarse_minus_random,coarse,conv2,110,1568,32,42,10,5,50,0.012586666666666675,0.015719271936196072,0.012807390260345268,0.016045648794727592,0.012586666666666657,0.01571927193619608
footwear_three_way,within_footwear,coarse_minus_random,coarse,conv2,150,1568,32,42,10,5,50,0.008946666666666664,0.012980424822455872,0.009080016899803154,0.013217159251243293,0.008946666666666684,0.012980424822455882
footwear_three_way,within_footwear,coarse_minus_random,coarse,conv2,200,1568,32,42,10,5,50,0.009080000000000008,0.011275876765262953,0.009229520644805023,0.011359698806753882,0.009080000000000001,0.011275876765262932
footwear_three_way,within_footwear,coarse_minus_random,coarse,fc,10,128,32,42,10,5,50,-0.07339999999999999,0.07563248051494502,-0.07680157028629014,0.0790653744343942,-0.07340000000000002,0.07563248051494502
footwear_three_way,within_footwear,coarse_minus_random,coarse,fc,20,128,32,42,10,5,50,-0.04919333333333334,0.04644339641213575,-0.052079179833245524,0.04926581230844948,-0.04919333333333333,0.046443396412135775
footwear_three_way,within_footwear,coarse_minus_random,coarse,fc,30,128,32,42,10,5,50,-0.033440000000000004,0.026831416249597857,-0.034990848554468414,0.027949796312906415,-0.033439999999999984,0.026831416249597846
footwear_three_way,within_footwear,coarse_minus_random,coarse,fc,50,128,32,42,10,5,50,-0.02253333333333334,0.021281292818724172,-0.023517872208398717,0.021961925431550487,-0.02253333333333334,0.021281292818724176
footwear_three_way,within_footwear,coarse_minus_random,coarse,fc,80,128,32,42,10,5,50,-0.01732,0.019499748239551598,-0.017503765641507473,0.01987746459974189,-0.01732,0.019499748239551622
footwear_three_way,within_footwear,coarse_minus_random,coarse,fc,110,128,32,42,10,5,50,-0.015653333333333328,0.019704962138502542,-0.015582534971480676,0.019955779055425876,-0.015653333333333325,0.01970496213850254
footwear_three_way,within_footwear,coarse_minus_random,coarse,fc,150,128,32,42,10,5,50,-0.012826666666666658,0.014469020780905556,-0.012736362716599798,0.014454122572787097,-0.01282666666666666,0.014469020780905563
footwear_three_way,within_footwear,coarse_minus_random,coarse,fc,200,128,32,42,10,5,50,-0.013093333333333323,0.013868190654088246,-0.012960731535901967,0.013879261052260242,-0.013093333333333308,0.013868190654088244
footwear_three_way,within_footwear,fine_minus_random,fine,conv1,10,3136,32,42,10,5,50,-0.027200000000000005,0.03668329863974845,-0.02977333529382845,0.03855531348483915,-0.027199999999999988,0.03668329863974845
footwear_three_way,within_footwear,fine_minus_random,fine,conv1,20,3136,32,42,10,5,50,-0.01599333333333334,0.027074223166892567,-0.01813886333592897,0.029308483983496815,-0.01599333333333332,0.027074223166892574
footwear_three_way,within_footwear,fine_minus_random,fine,conv1,30,3136,32,42,10,5,50,-0.01473333333333333,0.024680543991182212,-0.015611361905257987,0.02613212781306299,-0.014733333333333334,0.024680543991182205
footwear_three_way,within_footwear,fine_minus_random,fine,conv1,50,3136,32,42,10,5,50,-0.009913333333333338,0.019398647590609785,-0.010291271767929641,0.02088720202089535,-0.009913333333333343,0.019398647590609774
footwear_three_way,within_footwear,fine_minus_random,fine,conv1,80,3136,32,42,10,5,50,-0.010120000000000002,0.018272410835257245,-0.010692344137561425,0.019628476850931918,-0.010119999999999997,0.01827241083525725
footwear_three_way,within_footwear,fine_minus_random,fine,conv1,110,3136,32,42,10,5,50,-0.009800000000000001,0.018602172355037742,-0.010222506846029903,0.019762942500099343,-0.009799999999999993,0.018602172355037756
footwear_three_way,within_footwear,fine_minus_random,fine,conv1,150,3136,32,42,10,5,50,-0.009006666666666677,0.016939332859721087,-0.009322960669153795,0.017595507560824016,-0.009006666666666673,0.016939332859721077
footwear_three_way,within_footwear,fine_minus_random,fine,conv1,200,3136,32,42,10,5,50,-0.008080000000000002,0.014599033919517411,-0.008187146906577574,0.014982168607634943,-0.008080000000000002,0.014599033919517406
footwear_three_way,within_footwear,fine_minus_random,fine,conv2,10,1568,32,42,10,5,50,0.021899999999999996,0.05184186884246521,0.025756835536438826,0.05966965876341985,0.021900000000000027,0.05184186884246521
footwear_three_way,within_footwear,fine_minus_random,fine,conv2,20,1568,32,42,10,5,50,0.025799999999999993,0.035471492178503206,0.027145610195256673,0.03711926687258476,0.025799999999999993,0.035471492178503206
footwear_three_way,within_footwear,fine_minus_random,fine,conv2,30,1568,32,42,10,5,50,0.02852666666666665,0.04203858987345738,0.029255734038958158,0.043245362661489144,0.028526666666666665,0.042038589873457384
footwear_three_way,within_footwear,fine_minus_random,fine,conv2,50,1568,32,42,10,5,50,0.03207333333333333,0.03205170779832357,0.03319157390812537,0.03308603393413869,0.032073333333333315,0.032051707798323566
footwear_three_way,within_footwear,fine_minus_random,fine,conv2,80,1568,32,42,10,5,50,0.03165333333333333,0.026847681548602068,0.03244593131126027,0.027335794659146314,0.03165333333333333,0.026847681548602054
footwear_three_way,within_footwear,fine_minus_random,fine,conv2,110,1568,32,42,10,5,50,0.03298666666666668,0.02474568699679423,0.033519985330564925,0.02522088993295101,0.03298666666666666,0.024745686996794223
footwear_three_way,within_footwear,fine_minus_random,fine,conv2,150,1568,32,42,10,5,50,0.02988666666666667,0.022270203189764092,0.030257981383104184,0.022528986740261155,0.029886666666666686,0.0222702031897641
footwear_three_way,within_footwear,fine_minus_random,fine,conv2,200,1568,32,42,10,5,50,0.03084666666666668,0.01916028701871283,0.03109382416672757,0.01928990668803402,0.03084666666666667,0.01916028701871287
footwear_three_way,within_footwear,fine_minus_random,fine,fc,10,128,32,42,10,5,50,0.17558666666666667,0.05022830236307658,0.1847447760951471,0.05330513777352649,0.17558666666666664,0.05022830236307659
footwear_three_way,within_footwear,fine_minus_random,fine,fc,20,128,32,42,10,5,50,0.15105333333333332,0.03256386434026182,0.15295216609696594,0.032694141917465475,0.15105333333333332,0.03256386434026181
footwear_three_way,within_footwear,fine_minus_random,fine,fc,30,128,32,42,10,5,50,0.13945999999999997,0.029755076550042114,0.14074934330546568,0.030091367147918588,0.13946000000000003,0.02975507655004211
footwear_three_way,within_footwear,fine_minus_random,fine,fc,50,128,32,42,10,5,50,0.12010000000000001,0.022694585646957175,0.12092805159049073,0.023130459262019926,0.12009999999999998,0.022694585646957165
footwear_three_way,within_footwear,fine_minus_random,fine,fc,80,128,32,42,10,5,50,0.10992666666666669,0.022641671893269044,0.11017629526052584,0.02279290743775883,0.10992666666666663,0.02264167189326905
footwear_three_way,within_footwear,fine_minus_random,fine,fc,110,128,32,42,10,5,50,0.10426666666666667,0.019492890732665764,0.10438745858095876,0.019567778481342765,0.10426666666666665,0.019492890732665732
footwear_three_way,within_footwear,fine_minus_random,fine,fc,150,128,32,42,10,5,50,0.10085333333333335,0.01941189293452824,0.10084446188443169,0.019436276064668735,0.10085333333333331,0.019411892934528233
footwear_three_way,within_footwear,fine_minus_random,fine,fc,200,128,32,42,10,5,50,0.09508666666666667,0.01727158152413007,0.0950085150592751,0.017205445492008357,0.09508666666666665,0.017271581524130067
sandal_vs_ankle_boot,within_footwear,coarse_minus_random,coarse,conv1,10,3136,32,42,10,5,50,-2.220446049250313e-18,0.029556414407926095,1.3924235068927259e-05,0.030295522623511147,6.661338147750939e-18,0.029556414407926092
sandal_vs_ankle_boot,within_footwear,coarse_minus_random,coarse,conv1,20,3136,32,42,10,5,50,-0.0012599999999999944,0.01567405239136795,-0.0012255858185840117,0.01594650444248398,-0.00125999999999999,0.015674052391367942
sandal_vs_ankle_boot,within_footwear,coarse_minus_random,coarse,conv1,30,3136,32,42,10,5,50,-0.00032000000000000697,0.01108168188811554,-0.00029178867232760864,0.011262932671267252,-0.00032000000000000474,0.011081681888115537
sandal_vs_ankle_boot,within_footwear,coarse_minus_random,coarse,conv1,50,3136,32,42,10,5,50,-0.001489999999999998,0.008885605189959591,-0.0014836034201828109,0.008918069903399578,-0.001489999999999998,0.008885605189959591
sandal_vs_ankle_boot,within_footwear,coarse_minus_random,coarse,conv1,80,3136,32,42,10,5,50,-0.00133,0.011462276192371392,-0.0013299113831634624,0.011485699976905973,-0.001330000000000009,0.011462276192371397
sandal_vs_ankle_boot,within_footwear,coarse_minus_random,coarse,conv1,110,3136,32,42,10,5,50,0.001630000000000007,0.00841573477699568,0.0016318975734031472,0.008426378960642626,0.001630000000000007,0.008415734776995674
sandal_vs_ankle_boot,within_footwear,coarse_minus_random,coarse,conv1,150,3136,32,42,10,5,50,0.0008000000000000051,0.008414031041501263,0.0008073153070761374,0.00842277548329849,0.0008000000000000163,0.008414031041501268
sandal_vs_ankle_boot,within_footwear,coarse_minus_random,coarse,conv1,200,3136,32,42,10,5,50,0.0018400000000000083,0.005739622401005356,0.0018444456682904465,0.005744829866874256,0.0018399999999999883,0.0057396224010053416
sandal_vs_ankle_boot,within_footwear,coarse_minus_random,coarse,conv2,10,1568,32,42,10,5,50,0.015599999999999998,0.05309733072963504,0.015667906416914387,0.05413609047482989,0.015600000000000004,0.053097330729635045
sandal_vs_ankle_boot,within_footwear,coarse_minus_random,coarse,conv2,20,1568,32,42,10,5,50,0.013980000000000013,0.03730759620632074,0.013980609915217419,0.03754750071610714,0.013979999999999985,0.037307596206320744
sandal_vs_ankle_boot,within_footwear,coarse_minus_random,coarse,conv2,30,1568,32,42,10,5,50,0.015989999999999997,0.026569794496605292,0.015995677620474408,0.026694022688420454,0.015989999999999994,0.0265697944966053
sandal_vs_ankle_boot,within_footwear,coarse_minus_random,coarse,conv2,50,1568,32,42,10,5,50,0.012599999999999998,0.026775712418350396,0.012610167037775968,0.0268381576709923,0.012600000000000005,0.026775712418350407
sandal_vs_ankle_boot,within_footwear,coarse_minus_random,coarse,conv2,80,1568,32,42,10,5,50,0.007230000000000012,0.02278452974977466,0.007232589849264044,0.0228130646476003,0.007229999999999987,0.02278452974977465
sandal_vs_ankle_boot,within_footwear,coarse_minus_random,coarse,conv2,110,1568,32,42,10,5,50,0.007369999999999992,0.020722857832227035,0.007371117836590917,0.020745371779088095,0.00736999999999999,0.020722857832227035
sandal_vs_ankle_boot,within_footwear,coarse_minus_random,coarse,conv2,150,1568,32,42,10,5,50,0.005579999999999991,0.018865896236763467,0.005584225802762763,0.018884155133205387,0.005579999999999987,0.01886589623676345
sandal_vs_ankle_boot,within_footwear,coarse_minus_random,coarse,conv2,200,1568,32,42,10,5,50,0.0051199999999999935,0.017313602060996164,0.00512170037359438,0.017323108228066913,0.00512,0.01731360206099615
sandal_vs_ankle_boot,within_footwear,coarse_minus_random,coarse,fc,10,128,32,42,10,5,50,-0.030300000000000007,0.07514014117851077,-0.030444751264804223,0.07759694444290201,-0.03030000000000001,0.07514014117851078
sandal_vs_ankle_boot,within_footwear,coarse_minus_random,coarse,fc,20,128,32,42,10,5,50,-0.009219999999999999,0.04402100148143579,-0.009256590117563577,0.044540728097101925,-0.009220000000000016,0.04402100148143576
sandal_vs_ankle_boot,within_footwear,coarse_minus_random,coarse,fc,30,128,32,42,10,5,50,0.0039800000000000035,0.03273080680774177,0.0037905188296341154,0.033252914928541336,0.003979999999999988,0.03273080680774176
sandal_vs_ankle_boot,within_footwear,coarse_minus_random,coarse,fc,50,128,32,42,10,5,50,0.0052499999999999925,0.021047383375108062,0.005212496613780433,0.0211581757977912,0.00525000000000001,0.021047383375108048
sandal_vs_ankle_boot,within_footwear,coarse_minus_random,coarse,fc,80,128,32,42,10,5,50,0.006499999999999983,0.01653814391283473,0.006485806898185224,0.016584607741867968,0.006499999999999986,0.01653814391283474
sandal_vs_ankle_boot,within_footwear,coarse_minus_random,coarse,fc,110,128,32,42,10,5,50,0.006079999999999983,0.011554378973765206,0.006077809651867874,0.011561465730184326,0.006079999999999992,0.011554378973765194
sandal_vs_ankle_boot,within_footwear,coarse_minus_random,coarse,fc,150,128,32,42,10,5,50,0.003259999999999985,0.012019643785682415,0.003256024862257061,0.012026042527430603,0.0032599999999999895,0.012019643785682385
sandal_vs_ankle_boot,within_footwear,coarse_minus_random,coarse,fc,200,128,32,42,10,5,50,0.00345,0.010491614727573482,0.0034477830128161525,0.010498995937912797,0.003449999999999993,0.01049161472757345
sandal_vs_ankle_boot,within_footwear,fine_minus_random,fine,conv1,10,3136,32,42,10,5,50,-0.012910000000000001,0.024534999989602537,-0.012932064536790529,0.02483364133683578,-0.01291000000000001,0.024534999989602516
sandal_vs_ankle_boot,within_footwear,fine_minus_random,fine,conv1,20,3136,32,42,10,5,50,-0.011319999999999992,0.017383360563763158,-0.011406240277298111,0.01771841686202837,-0.011319999999999997,0.017383360563763155
sandal_vs_ankle_boot,within_footwear,fine_minus_random,fine,conv1,30,3136,32,42,10,5,50,-0.007719999999999996,0.016136269199336924,-0.007748879835656106,0.0163059502416218,-0.007720000000000012,0.01613626919933693
sandal_vs_ankle_boot,within_footwear,fine_minus_random,fine,conv1,50,3136,32,42,10,5,50,-0.006480000000000001,0.016375055693938628,-0.006491556413704662,0.016424573674233223,-0.006480000000000001,0.01637505569393863
sandal_vs_ankle_boot,within_footwear,fine_minus_random,fine,conv1,80,3136,32,42,10,5,50,-0.005769999999999993,0.01596750846345829,-0.005789154903889684,0.016018250117877907,-0.005769999999999995,0.01596750846345829
sandal_vs_ankle_boot,within_footwear,fine_minus_random,fine,conv1,110,3136,32,42,10,5,50,-0.0031899999999999997,0.01482513378815635,-0.003196951113487816,0.014838897292958066,-0.003190000000000002,0.014825133788156333
sandal_vs_ankle_boot,within_footwear,fine_minus_random,fine,conv1,150,3136,32,42,10,5,50,-0.00376999999999998,0.014961927874250883,-0.0037694092141975235,0.014972594907975012,-0.00376999999999998,0.014961927874250866
sandal_vs_ankle_boot,within_footwear,fine_minus_random,fine,conv1,200,3136,32,42,10,5,50,-0.004369999999999992,0.012633697246746452,-0.004371845015575089,0.01264203947715733,-0.004369999999999996,0.012633697246746442
sandal_vs_ankle_boot,within_footwear,fine_minus_random,fine,conv2,10,1568,32,42,10,5,50,0.012360000000000003,0.058125044656555165,0.011945171125765555,0.060523483691081244,0.012360000000000008,0.058125044656555144
sandal_vs_ankle_boot,within_footwear,fine_minus_random,fine,conv2,20,1568,32,42,10,5,50,0.026149999999999993,0.0496759139681539,0.0261811618963415,0.05005095774905063,0.026149999999999986,0.0496759139681539
sandal_vs_ankle_boot,within_footwear,fine_minus_random,fine,conv2,30,1568,32,42,10,5,50,0.023479999999999994,0.040627471353401126,0.023453821072152027,0.04088922635725973,0.02347999999999998,0.04062747135340112
sandal_vs_ankle_boot,within_footwear,fine_minus_random,fine,conv2,50,1568,32,42,10,5,50,0.02522,0.033819623575307725,0.0252527671179183,0.033872549840562496,0.025219999999999992,0.03381962357530771
sandal_vs_ankle_boot,within_footwear,fine_minus_random,fine,conv2,80,1568,32,42,10,5,50,0.02118000000000001,0.0312527158003582,0.021192433064578277,0.03128146684874807,0.021179999999999977,0.031252715800358176
sandal_vs_ankle_boot,within_footwear,fine_minus_random,fine,conv2,110,1568,32,42,10,5,50,0.020090000000000004,0.028488932688226245,0.020099942233381417,0.028512055445041044,0.020089999999999986,0.028488932688226217
sandal_vs_ankle_boot,within_footwear,fine_minus_random,fine,conv2,150,1568,32,42,10,5,50,0.017470000000000006,0.025733011039185766,0.017481687188729646,0.02574824073052717,0.01746999999999999,0.025733011039185745
sandal_vs_ankle_boot,within_footwear,fine_minus_random,fine,conv2,200,1568,32,42,10,5,50,0.015570000000000011,0.023548042511479562,0.01557659704613866,0.02355815625641102,0.01556999999999999,0.02354804251147955
sandal_vs_ankle_boot,within_footwear,fine_minus_random,fine,fc,10,128,32,42,10,5,50,0.08845999999999998,0.039667603601808404,0.08947104133934111,0.041866498447844305,0.08845999999999997,0.03966760360180841
sandal_vs_ankle_boot,within_footwear,fine_minus_random,fine,fc,20,128,32,42,10,5,50,0.07567,0.02822876843482441,0.07596805583290192,0.028594739608692438,0.07566999999999999,0.0282287684348244
sandal_vs_ankle_boot,within_footwear,fine_minus_random,fine,fc,30,128,32,42,10,5,50,0.06325000000000003,0.024023001307845255,0.0633539045749787,0.024092603021199054,0.06324999999999997,0.024023001307845255
sandal_vs_ankle_boot,within_footwear,fine_minus_random,fine,fc,50,128,32,42,10,5,50,0.05107999999999999,0.016151817993334237,0.051106581468066244,0.016168936680063015,0.05107999999999999,0.01615181799333423
sandal_vs_ankle_boot,within_footwear,fine_minus_random,fine,fc,80,128,32,42,10,5,50,0.04590000000000002,0.015028544269394256,0.045916149836426924,0.015040286507396241,0.045899999999999996,0.015028544269394241
sandal_vs_ankle_boot,within_footwear,fine_minus_random,fine,fc,110,128,32,42,10,5,50,0.04191000000000001,0.012537572104905876,0.04191867792448499,0.012544116881057079,0.04190999999999999,0.012537572104905862
sandal_vs_ankle_boot,within_footwear,fine_minus_random,fine,fc,150,128,32,42,10,5,50,0.03864000000000003,0.01254015590828445,0.038645142949275055,0.012544548183046818,0.03864,0.012540155908284443
sandal_vs_ankle_boot,within_footwear,fine_minus_random,fine,fc,200,128,32,42,10,5,50,0.03694000000000003,0.011818197659472758,0.036944544605106946,0.011822678804045651,0.03694,0.011818197659472757
sandal_vs_non_footwear,cross_pooled,coarse_minus_random,coarse,conv1,10,3136,32,42,10,5,50,0.001072500000000003,0.025169921133109237,0.0011418887163435465,0.0320652224117696,0.0037928571428571447,0.01857136829996946
sandal_vs_non_footwear,cross_pooled,coarse_minus_random,coarse,conv1,20,3136,32,42,10,5,50,-0.00014750000000000041,0.011836866538014839,-0.00029394303625354337,0.018136490007888143,0.00031857142857141915,0.009924960120965163
sandal_vs_non_footwear,cross_pooled,coarse_minus_random,coarse,conv1,30,3136,32,42,10,5,50,-0.0012949999999999995,0.008485497832737202,-0.0017152539333082162,0.014967445330625932,0.0011628571428571365,0.007435759025583551
sandal_vs_non_footwear,cross_pooled,coarse_minus_random,coarse,conv1,50,3136,32,42,10,5,50,-0.0017049999999999988,0.007957386505631114,-0.0028480743659045006,0.014326317778431455,-0.00033142857142858916,0.005554260009058792
sandal_vs_non_footwear,cross_pooled,coarse_minus_random,coarse,conv1,80,3136,32,42,10,5,50,-0.0006375000000000064,0.007732379986466133,-0.0008674006905220199,0.014255428938204029,0.0003300000000000125,0.005848085331184599
sandal_vs_non_footwear,cross_pooled,coarse_minus_random,coarse,conv1,110,3136,32,42,10,5,50,-0.0006725000000000004,0.006054329387862429,-0.0011417888929236408,0.011344721750586048,-0.0005299999999999993,0.004195307120172447
sandal_vs_non_footwear,cross_pooled,coarse_minus_random,coarse,conv1,150,3136,32,42,10,5,50,-0.000129999999999999,0.004162818290827621,-0.00018291924490335676,0.008035549173061726,8.857142857142897e-05,0.0031791097588489805
sandal_vs_non_footwear,cross_pooled,coarse_minus_random,coarse,conv1,200,3136,32,42,10,5,50,0.0001374999999999882,0.003590151814480896,0.00031990553681321643,0.007068348713851538,0.00017285714285713904,0.002692025105197531
sandal_vs_non_footwear,cross_pooled,coarse_minus_random,coarse,conv2,10,1568,32,42,10,5,50,0.0375925,0.033837413348124554,0.0613522207194212,0.05089783135453647,0.024507142857142866,0.02848187587269879
sandal_vs_non_footwear,cross_pooled,coarse_minus_random,coarse,conv2,20,1568,32,42,10,5,50,0.027265000000000005,0.02130045989730585,0.05047595456062339,0.037257547035297975,0.020457142857142854,0.01803136584129048
sandal_vs_non_footwear,cross_pooled,coarse_minus_random,coarse,conv2,30,1568,32,42,10,5,50,0.023177500000000004,0.016899520922143297,0.044772778280882185,0.03151773299333105,0.018138571428571434,0.017175875696914315
sandal_vs_non_footwear,cross_pooled,coarse_minus_random,coarse,conv2,50,1568,32,42,10,5,50,0.01512,0.016515452720753023,0.030397769591913867,0.031134818723619565,0.011682857142857155,0.013042015211091704
sandal_vs_non_footwear,cross_pooled,coarse_minus_random,coarse,conv2,80,1568,32,42,10,5,50,0.012582499999999988,0.015747056130772964,0.0252814772337859,0.029078679509594363,0.009770000000000001,0.011482383243383687
sandal_vs_non_footwear,cross_pooled,coarse_minus_random,coarse,conv2,110,1568,32,42,10,5,50,0.012037499999999996,0.011131927160016732,0.02434489018539816,0.02186456607320918,0.009158571428571426,0.008809607346017411
sandal_vs_non_footwear,cross_pooled,coarse_minus_random,coarse,conv2,150,1568,32,42,10,5,50,0.010690000000000007,0.009652813642896552,0.021834725314794204,0.019171449068721105,0.008105714285714296,0.007925415546109168
sandal_vs_non_footwear,cross_pooled,coarse_minus_random,coarse,conv2,200,1568,32,42,10,5,50,0.010377500000000008,0.008992928415126604,0.021437258150526578,0.018168159400240958,0.008132857142857166,0.007999557593973054
sandal_vs_non_footwear,cross_pooled,coarse_minus_random,coarse,fc,10,128,32,42,10,5,50,0.0632,0.042718361606776854,0.11527165715888321,0.06119268977724941,0.05553714285714286,0.02873262921617691
sandal_vs_non_footwear,cross_pooled,coarse_minus_random,coarse,fc,20,128,32,42,10,5,50,0.04204499999999999,0.018796706452711018,0.08362495729033992,0.03255289904881088,0.03728571428571429,0.019161368926619616
sandal_vs_non_footwear,cross_pooled,coarse_minus_random,coarse,fc,30,128,32,42,10,5,50,0.03150250000000001,0.013234214942831383,0.06522708612886767,0.025285903773062147,0.03067000000000002,0.01796910028858358
sandal_vs_non_footwear,cross_pooled,coarse_minus_random,coarse,fc,50,128,32,42,10,5,50,0.02397500000000001,0.009024696840405471,0.05045503020538043,0.017353106134345268,0.021328571428571433,0.009186620842233489
sandal_vs_non_footwear,cross_pooled,coarse_minus_random,coarse,fc,80,128,32,42,10,5,50,0.021437499999999998,0.00916794305430279,0.04523852207090004,0.017660025718793448,0.017718571428571445,0.006530172338500126
sandal_vs_non_footwear,cross_pooled,coarse_minus_random,coarse,fc,110,128,32,42,10,5,50,0.017275000000000006,0.007234677686289124,0.03699512801420317,0.01442353701539563,0.014885714285714296,0.006165748249689622
sandal_vs_non_footwear,cross_pooled,coarse_minus_random,coarse,fc,150,128,32,42,10,5,50,0.01553000000000001,0.007146274182668725,0.03337588889303231,0.01432841504171754,0.013331428571428584,0.005549777772077935
sandal_vs_non_footwear,cross_pooled,coarse_minus_random,coarse,fc,200,128,32,42,10,5,50,0.014172499999999998,0.006148455194234579,0.030673977832617983,0.01270518569604971,0.012290000000000018,0.005230214696606131
sandal_vs_non_footwear,cross_pooled,fine_minus_random,fine,conv1,10,3136,32,42,10,5,50,-0.0202425,0.04104624546266848,-0.03082046845080201,0.05316911695700403,-0.02488714285714285,0.035929216502738046
sandal_vs_non_footwear,cross_pooled,fine_minus_random,fine,conv1,20,3136,32,42,10,5,50,-0.01378750000000001,0.023100052041862044,-0.023024949490504598,0.033085567511396574,-0.017752857142857157,0.02283344804092746
sandal_vs_non_footwear,cross_pooled,fine_minus_random,fine,conv1,30,3136,32,42,10,5,50,-0.009437499999999998,0.015798723025443977,-0.01649246672242711,0.026684265086157892,-0.01114428571428572,0.017749990408923267
sandal_vs_non_footwear,cross_pooled,fine_minus_random,fine,conv1,50,3136,32,42,10,5,50,-0.010947499999999999,0.012998849291693614,-0.020139778824593817,0.02328317699123537,-0.01217857142857143,0.012068467471971416
sandal_vs_non_footwear,cross_pooled,fine_minus_random,fine,conv1,80,3136,32,42,10,5,50,-0.009920000000000005,0.011683860750660139,-0.018373444928228296,0.021095396577892608,-0.01026285714285715,0.008852291533237086
sandal_vs_non_footwear,cross_pooled,fine_minus_random,fine,conv1,110,3136,32,42,10,5,50,-0.00989,0.010703436173414932,-0.0190025783171969,0.020080187153792207,-0.010665714285714296,0.00857482245734144
sandal_vs_non_footwear,cross_pooled,fine_minus_random,fine,conv1,150,3136,32,42,10,5,50,-0.009380000000000001,0.010072567058245736,-0.018480410521647058,0.019162734899064768,-0.00992857142857143,0.008224717675477767
sandal_vs_non_footwear,cross_pooled,fine_minus_random,fine,conv1,200,3136,32,42,10,5,50,-0.009175000000000004,0.01013757407683245,-0.01824350572586905,0.019401351749260314,-0.009691428571428573,0.00787173889426548
sandal_vs_non_footwear,cross_pooled,fine_minus_random,fine,conv2,10,1568,32,42,10,5,50,0.002730000000000006,0.05702357729349272,0.0004447585282725464,0.07921185434317136,-0.006248571428571425,0.05249667735067913
sandal_vs_non_footwear,cross_pooled,fine_minus_random,fine,conv2,20,1568,32,42,10,5,50,-0.0032374999999999865,0.032673557870678424,-0.0037561026021933007,0.053946023842917426,-0.004224285714285705,0.032588750476853966
sandal_vs_non_footwear,cross_pooled,fine_minus_random,fine,conv2,30,1568,32,42,10,5,50,-0.002410000000000001,0.024676478617071267,-0.00301706808634864,0.043862180436156424,-0.003134285714285725,0.027759695898337575
sandal_vs_non_footwear,cross_pooled,fine_minus_random,fine,conv2,50,1568,32,42,10,5,50,-0.005644999999999998,0.020671759919350476,-0.009737444364256671,0.0384347716267052,-0.005719999999999994,0.021123394635244715
sandal_vs_non_footwear,cross_pooled,fine_minus_random,fine,conv2,80,1568,32,42,10,5,50,-0.005375000000000014,0.018981361696062137,-0.009919926362862697,0.035339353340693005,-0.00596857142857143,0.0175093368321459
sandal_vs_non_footwear,cross_pooled,fine_minus_random,fine,conv2,110,1568,32,42,10,5,50,-0.005765000000000003,0.016753362440454292,-0.011513590756244809,0.03248629505346901,-0.006945714285714284,0.016233000976397072
sandal_vs_non_footwear,cross_pooled,fine_minus_random,fine,conv2,150,1568,32,42,10,5,50,-0.006347499999999983,0.013464316265596266,-0.012623506181654,0.026440271499713733,-0.006172857142857142,0.013171869439191812
sandal_vs_non_footwear,cross_pooled,fine_minus_random,fine,conv2,200,1568,32,42,10,5,50,-0.0063174999999999985,0.013837159053189541,-0.012537898460505745,0.027498262068143018,-0.005667142857142851,0.013186458052424329
sandal_vs_non_footwear,cross_pooled,fine_minus_random,fine,fc,10,128,32,42,10,5,50,0.027300000000000005,0.049656261037296014,0.049305936183887546,0.07697720540381807,0.029965714285714293,0.034837796452143514
sandal_vs_non_footwear,cross_pooled,fine_minus_random,fine,fc,20,128,32,42,10,5,50,0.027467500000000006,0.025766809081745102,0.053941708494288546,0.04672039201237002,0.026109999999999998,0.021970267904680065
sandal_vs_non_footwear,cross_pooled,fine_minus_random,fine,fc,30,128,32,42,10,5,50,0.023835000000000002,0.01738221000016385,0.04889242704898983,0.03368855656879726,0.024094285714285724,0.018831733919521587
sandal_vs_non_footwear,cross_pooled,fine_minus_random,fine,fc,50,128,32,42,10,5,50,0.02128750000000001,0.009932593288702376,0.04447573959027003,0.01946312661397067,0.0187557142857143,0.009396370159708433
sandal_vs_non_footwear,cross_pooled,fine_minus_random,fine,fc,80,128,32,42,10,5,50,0.01999000000000001,0.009070262860984066,0.04199771099528037,0.017469185968493554,0.01628285714285714,0.006496706627303521
sandal_vs_non_footwear,cross_pooled,fine_minus_random,fine,fc,110,128,32,42,10,5,50,0.01624000000000001,0.007374712031735228,0.03466558991183453,0.014742299930039235,0.013840000000000003,0.0062172349825964715
sandal_vs_non_footwear,cross_pooled,fine_minus_random,fine,fc,150,128,32,42,10,5,50,0.014685000000000004,0.007209697975502097,0.03147063619731662,0.014455830127285366,0.012437142857142867,0.005539766503318259
sandal_vs_non_footwear,cross_pooled,fine_minus_random,fine,fc,200,128,32,42,10,5,50,0.013422499999999995,0.0061189781935101755,0.028981548335827067,0.012648662287252635,0.011475714285714304,0.005074612190072616
sandal_vs_sneaker,within_footwear,coarse_minus_random,coarse,conv1,10,3136,32,42,10,5,50,0.00016999999999999681,0.0355352096159426,0.00031945776846830753,0.03696549727600601,0.0001700000000000146,0.0355352096159426
sandal_vs_sneaker,within_footwear,coarse_minus_random,coarse,conv1,20,3136,32,42,10,5,50,0.001529999999999998,0.02972946212711133,0.0018534398481185143,0.031150877034551855,0.001530000000000018,0.02972946212711131
sandal_vs_sneaker,within_footwear,coarse_minus_random,coarse,conv1,30,3136,32,42,10,5,50,0.000990000000000002,0.01847764507038002,0.0010929759940806049,0.019025765940990588,0.0009899999999999998,0.01847764507038001
sandal_vs_sneaker,within_footwear,coarse_minus_random,coarse,conv1,50,3136,32,42,10,5,50,9.000000000001008e-05,0.013720865237190504,0.00014868974071091667,0.013876676729527228,8.999999999999453e-05,0.013720865237190507
sandal_vs_sneaker,within_footwear,coarse_minus_random,coarse,conv1,80,3136,32,42,10,5,50,0.0006499999999999973,0.015379966428667482,0.0006043854467555421,0.015497321966565246,0.0006499999999999928,0.015379966428667477
sandal_vs_sneaker,within_footwear,coarse_minus_random,coarse,conv1,110,3136,32,42,10,5,50,0.0004100000000000059,0.013772454763188778,0.00045839642523404,0.013821728387537646,0.00040999999999997706,0.013772454763188795
sandal_vs_sneaker,within_footwear,coarse_minus_random,coarse,conv1,150,3136,32,42,10,5,50,0.0012199999999999945,0.014773514635789183,0.0012381365941777256,0.014812878910945083,0.0012199999999999856,0.014773514635789216
sandal_vs_sneaker,within_footwear,coarse_minus_random,coarse,conv1,200,3136,32,42,10,5,50,0.00011999999999999344,0.01321894126483907,0.0001214115203126398,0.013251677891392151,0.00011999999999999567,0.013218941264839067
sandal_vs_sneaker,within_footwear,coarse_minus_random,coarse,conv2,10,1568,32,42,10,5,50,0.019689999999999996,0.05825900035573027,0.01926399445540048,0.06080084166581727,0.019690000000000013,0.05825900035573028
sandal_vs_sneaker,within_footwear,coarse_minus_random,coarse,conv2,20,1568,32,42,10,5,50,0.002969999999999997,0.045698145588241125,0.0019836283366927243,0.047409320392380654,0.0029699999999999948,0.045698145588241125
sandal_vs_sneaker,within_footwear,coarse_minus_random,coarse,conv2,30,1568,32,42,10,5,50,-0.0013700000000000068,0.041334352220270584,-0.002068358041737608,0.04263182452350232,-0.0013700000000000023,0.04133435222027058
sandal_vs_sneaker,within_footwear,coarse_minus_random,coarse,conv2,50,1568,32,42,10,5,50,0.005830000000000002,0.029123875120608794,0.005621708975171478,0.02972659024461664,0.005829999999999975,0.029123875120608784
sandal_vs_sneaker,within_footwear,coarse_minus_random,coarse,conv2,80,1568,32,42,10,5,50,0.0035899999999999977,0.02722144450275051,0.0034020073595552526,0.027522938377081353,0.003589999999999982,0.027221444502750516
sandal_vs_sneaker,within_footwear,coarse_minus_random,coarse,conv2,110,1568,32,42,10,5,50,0.004180000000000008,0.021914201899634837,0.004053454957442599,0.02213949153991077,0.004179999999999988,0.021914201899634844
sandal_vs_sneaker,within_footwear,coarse_minus_random,coarse,conv2,150,1568,32,42,10,5,50,0.00452,0.021970750500404406,0.004490962854502687,0.022118764781762987,0.004520000000000004,0.021970750500404413
sandal_vs_sneaker,within_footwear,coarse_minus_random,coarse,conv2,200,1568,32,42,10,5,50,0.0057100000000000015,0.023381723631930997,0.005697201695741052,0.023458669654335428,0.005710000000000017,0.02338172363193097
sandal_vs_sneaker,within_footwear,coarse_minus_random,coarse,fc,10,128,32,42,10,5,50,-0.08178,0.05095758139905009,-0.08260317220303065,0.056137809189940935,-0.08177999999999998,0.0509575813990501
sandal_vs_sneaker,within_footwear,coarse_minus_random,coarse,fc,20,128,32,42,10,5,50,-0.0568,0.039269866933561055,-0.057414681039686714,0.040058900727820784,-0.05680000000000002,0.039269866933561055
sandal_vs_sneaker,within_footwear,coarse_minus_random,coarse,fc,30,128,32,42,10,5,50,-0.058540000000000016,0.03457465156168958,-0.06004694508148931,0.03572273616039216,-0.058540000000000016,0.0345746515616896
sandal_vs_sneaker,within_footwear,coarse_minus_random,coarse,fc,50,128,32,42,10,5,50,-0.04662999999999999,0.023949736907932496,-0.047489817333880094,0.02444051737169976,-0.04663000000000001,0.02394973690793248
sandal_vs_sneaker,within_footwear,coarse_minus_random,coarse,fc,80,128,32,42,10,5,50,-0.03912999999999999,0.02285687723059942,-0.0396579133072159,0.023121557585282636,-0.039130000000000005,0.022856877230599423
sandal_vs_sneaker,within_footwear,coarse_minus_random,coarse,fc,110,128,32,42,10,5,50,-0.033400000000000006,0.01781337493375727,-0.033840238344689834,0.01802803803496705,-0.03339999999999999,0.01781337493375727
sandal_vs_sneaker,within_footwear,coarse_minus_random,coarse,fc,150,128,32,42,10,5,50,-0.03547999999999999,0.01447445321655942,-0.035767519829357185,0.014580114194048744,-0.03548000000000001,0.014474453216559411
sandal_vs_sneaker,within_footwear,coarse_minus_random,coarse,fc,200,128,32,42,10,5,50,-0.02833000000000001,0.013716372609076356,-0.0285539139057119,0.013761032330674,-0.028330000000000036,0.01371637260907637
sandal_vs_sneaker,within_footwear,fine_minus_random,fine,conv1,10,3136,32,42,10,5,50,-0.028089999999999993,0.044662303193304005,-0.030919233468391916,0.048178936638495276,-0.028089999999999983,0.044662303193303984
sandal_vs_sneaker,within_footwear,fine_minus_random,fine,conv1,20,3136,32,42,10,5,50,-0.013599999999999996,0.04378868552025554,-0.014105902043743044,0.04587471534799229,-0.013600000000000003,0.043788685520255534
sandal_vs_sneaker,within_footwear,fine_minus_random,fine,conv1,30,3136,32,42,10,5,50,-0.01329,0.02642723741806965,-0.013621955731644772,0.026843068387311195,-0.013290000000000007,0.026427237418069655
sandal_vs_sneaker,within_footwear,fine_minus_random,fine,conv1,50,3136,32,42,10,5,50,-0.009759999999999991,0.023952171730601903,-0.010003200752371901,0.024288955242417476,-0.009759999999999996,0.02395217173060191
sandal_vs_sneaker,within_footwear,fine_minus_random,fine,conv1,80,3136,32,42,10,5,50,-0.009469999999999996,0.021320060975522557,-0.009672627535967643,0.021618598338056044,-0.009469999999999994,0.021320060975522564
sandal_vs_sneaker,within_footwear,fine_minus_random,fine,conv1,110,3136,32,42,10,5,50,-0.011769999999999997,0.020741167286538218,-0.011903151226307744,0.020910886675419463,-0.011770000000000003,0.02074116728653821
sandal_vs_sneaker,within_footwear,fine_minus_random,fine,conv1,150,3136,32,42,10,5,50,-0.010029999999999997,0.019089587395718515,-0.010100034148703807,0.019210731533607122,-0.010030000000000018,0.019089587395718532
sandal_vs_sneaker,within_footwear,fine_minus_random,fine,conv1,200,3136,32,42,10,5,50,-0.009660000000000009,0.018555058719433696,-0.00972645697395775,0.01865568053770265,-0.009659999999999995,0.018555058719433706
sandal_vs_sneaker,within_footwear,fine_minus_random,fine,conv2,10,1568,32,42,10,5,50,0.03853000000000001,0.06375866567753431,0.037989853336728524,0.06561959534251408,0.03853000000000001,0.06375866567753431
sandal_vs_sneaker,within_footwear,fine_minus_random,fine,conv2,20,1568,32,42,10,5,50,0.038579999999999996,0.04762516913034407,0.038304908519005816,0.04874093857908156,0.03858,0.047625169130344085
sandal_vs_sneaker,within_footwear,fine_minus_random,fine,conv2,30,1568,32,42,10,5,50,0.03727,0.03629193000755773,0.03753583583763841,0.036945748071796,0.037269999999999984,0.036291930007557725
sandal_vs_sneaker,within_footwear,fine_minus_random,fine,conv2,50,1568,32,42,10,5,50,0.040600000000000004,0.027251099959076736,0.04088700779598973,0.02766667603147289,0.04059999999999997,0.027251099959076742
sandal_vs_sneaker,within_footwear,fine_minus_random,fine,conv2,80,1568,32,42,10,5,50,0.03309000000000001,0.023742816314216233,0.03314362267681667,0.023886880960339984,0.03308999999999998,0.02374281631421624
sandal_vs_sneaker,within_footwear,fine_minus_random,fine,conv2,110,1568,32,42,10,5,50,0.03282000000000002,0.021511449253353254,0.032896612013909775,0.021626174603677658,0.03281999999999999,0.021511449253353254
sandal_vs_sneaker,within_footwear,fine_minus_random,fine,conv2,150,1568,32,42,10,5,50,0.03350000000000002,0.01970134150617306,0.03357180067718001,0.01979547930715204,0.033499999999999995,0.01970134150617304
sandal_vs_sneaker,within_footwear,fine_minus_random,fine,conv2,200,1568,32,42,10,5,50,0.03258000000000001,0.0201889947794357,0.03263807790165432,0.02026215667280125,0.03258000000000001,0.0201889947794357
sandal_vs_sneaker,within_footwear,fine_minus_random,fine,fc,10,128,32,42,10,5,50,0.17359,0.03940432613771421,0.1777210964403861,0.04175219854080086,0.17359,0.039404326137714205
sandal_vs_sneaker,within_footwear,fine_minus_random,fine,fc,20,128,32,42,10,5,50,0.14146,0.03401887831238198,0.1430616240040739,0.034531829997528525,0.14145999999999997,0.03401887831238198
sandal_vs_sneaker,within_footwear,fine_minus_random,fine,fc,30,128,32,42,10,5,50,0.11273999999999999,0.02641162390976784,0.11341359669425721,0.026732214669109154,0.11273999999999999,0.026411623909767836
sandal_vs_sneaker,within_footwear,fine_minus_random,fine,fc,50,128,32,42,10,5,50,0.10411000000000001,0.023359499662659638,0.10445549545012475,0.02361043764452202,0.10411,0.023359499662659634
sandal_vs_sneaker,within_footwear,fine_minus_random,fine,fc,80,128,32,42,10,5,50,0.08800000000000001,0.018805665668209924,0.08813643975567922,0.018857823405674677,0.088,0.018805665668209945
sandal_vs_sneaker,within_footwear,fine_minus_random,fine,fc,110,128,32,42,10,5,50,0.08614000000000005,0.015925861396624347,0.08624352566163285,0.015973162705172166,0.08613999999999995,0.01592586139662435
sandal_vs_sneaker,within_footwear,fine_minus_random,fine,fc,150,128,32,42,10,5,50,0.07795000000000002,0.013506328826418638,0.07801085130756612,0.013539130831452516,0.07794999999999998,0.013506328826418643
sandal_vs_sneaker,within_footwear,fine_minus_random,fine,fc,200,128,32,42,10,5,50,0.07553,0.012177852932303642,0.07557724177977802,0.012203791568364946,0.07552999999999996,0.012177852932303645
sneaker_vs_ankle_boot,within_footwear,coarse_minus_random,coarse,conv1,10,3136,32,42,10,5,50,0.003559999999999994,0.013973969970437674,0.0035293482887074367,0.014323136170901618,0.003560000000000001,0.013973969970437674
sneaker_vs_ankle_boot,within_footwear,coarse_minus_random,coarse,conv1,20,3136,32,42,10,5,50,0.0050300000000000015,0.009789837504644662,0.005044134906203861,0.009866366720834201,0.0050300000000000015,0.009789837504644646
sneaker_vs_ankle_boot,within_footwear,coarse_minus_random,coarse,conv1,30,3136,32,42,10,5,50,0.0038300000000000087,0.008558090813221555,0.0038352247709430376,0.008608861352870782,0.0038299999999999845,0.008558090813221552
sneaker_vs_ankle_boot,within_footwear,coarse_minus_random,coarse,conv1,50,3136,32,42,10,5,50,0.0014700000000000047,0.006651231280824661,0.0014664044345637527,0.006687661688393955,0.0014699999999999913,0.00665123128082465
sneaker_vs_ankle_boot,within_footwear,coarse_minus_random,coarse,conv1,80,3136,32,42,10,5,50,0.0009800000000000008,0.006145315122854442,0.0009847690555805499,0.006165360703933131,0.0009800000000000008,0.0061453151228544715
sneaker_vs_ankle_boot,within_footwear,coarse_minus_random,coarse,conv1,110,3136,32,42,10,5,50,0.0014599999999999902,0.006415733212428742,0.0014563263940071925,0.0064262357335424965,0.001459999999999999,0.006415733212428724
sneaker_vs_ankle_boot,within_footwear,coarse_minus_random,coarse,conv1,150,3136,32,42,10,5,50,0.0017700000000000049,0.005103230269512979,0.0017730005492371359,0.005111630734216587,0.0017700000000000094,0.005103230269512979
sneaker_vs_ankle_boot,within_footwear,coarse_minus_random,coarse,conv1,200,3136,32,42,10,5,50,0.00025000000000000575,0.005490483417993836,0.0002519889194348912,0.005492776955192903,0.00025000000000000353,0.005490483417993839
sneaker_vs_ankle_boot,within_footwear,coarse_minus_random,coarse,conv2,10,1568,32,42,10,5,50,-0.002270000000000003,0.021454558052416032,-0.0023019569963994148,0.021819834289241988,-0.00227000000000001,0.02145455805241604
sneaker_vs_ankle_boot,within_footwear,coarse_minus_random,coarse,conv2,20,1568,32,42,10,5,50,-0.0014399999999999968,0.013293254388782986,-0.0014770882191172795,0.013396291536369858,-0.001439999999999999,0.01329325438878299
sneaker_vs_ankle_boot,within_footwear,coarse_minus_random,coarse,conv2,30,1568,32,42,10,5,50,-0.00046000000000000484,0.01154001025713124,-0.0004716515933054244,0.011612963398319728,-0.0004600000000000115,0.011540010257131226
sneaker_vs_ankle_boot,within_footwear,coarse_minus_random,coarse,conv2,50,1568,32,42,10,5,50,0.0004199999999999982,0.010817766942981043,0.00040658125782859765,0.010846414668905497,0.0004199999999999915,0.01081776694298102
sneaker_vs_ankle_boot,within_footwear,coarse_minus_random,coarse,conv2,80,1568,32,42,10,5,50,0.0015300000000000025,0.010615453694631105,0.0015212341941890607,0.010642741807012978,0.0015300000000000092,0.010615453694631108
sneaker_vs_ankle_boot,within_footwear,coarse_minus_random,coarse,conv2,110,1568,32,42,10,5,50,0.0010799999999999944,0.011168633190634325,0.0010765849138883144,0.011189264700589884,0.001079999999999981,0.011168633190634316
sneaker_vs_ankle_boot,within_footwear,coarse_minus_random,coarse,conv2,150,1568,32,42,10,5,50,0.0022399999999999885,0.007317326376903136,0.0022415555663206233,0.00733276822401846,0.00224,0.007317326376903139
sneaker_vs_ankle_boot,within_footwear,coarse_minus_random,coarse,conv2,200,1568,32,42,10,5,50,0.002730000000000008,0.0072282114534873935,0.0027330794817609937,0.007236813764102406,0.002730000000000008,0.0072282114534873996
sneaker_vs_ankle_boot,within_footwear,coarse_minus_random,coarse,fc,10,128,32,42,10,5,50,0.009240000000000009,0.03072080329519463,0.009392516129929975,0.03219761232888868,0.009239999999999995,0.030720803295194624
sneaker_vs_ankle_boot,within_footwear,coarse_minus_random,coarse,fc,20,128,32,42,10,5,50,0.008470000000000009,0.014040905982746507,0.008526347718270606,0.014186948250988771,0.008469999999999993,0.014040905982746515
sneaker_vs_ankle_boot,within_footwear,coarse_minus_random,coarse,fc,30,128,32,42,10,5,50,0.007930000000000001,0.011830438948504227,0.007975522569146626,0.011931389439651935,0.007929999999999998,0.011830438948504229
sneaker_vs_ankle_boot,within_footwear,coarse_minus_random,coarse,fc,50,128,32,42,10,5,50,0.001730000000000005,0.010971303012674405,0.0017386197193928487,0.010997759687958667,0.0017300000000000071,0.010971303012674393
sneaker_vs_ankle_boot,within_footwear,coarse_minus_random,coarse,fc,80,128,32,42,10,5,50,0.0022700000000000007,0.009076326012079512,0.0022685056609954304,0.009108644078960667,0.0022699999999999986,0.009076326012079503
sneaker_vs_ankle_boot,within_footwear,coarse_minus_random,coarse,fc,110,128,32,42,10,5,50,0.0031500000000000126,0.00830984785832879,0.003157296875854556,0.008316282871517445,0.003150000000000006,0.008309847858328773
sneaker_vs_ankle_boot,within_footwear,coarse_minus_random,coarse,fc,150,128,32,42,10,5,50,0.0004200000000000004,0.0071187880188373935,0.0004256087726197744,0.0071212220467592145,0.0004199999999999915,0.0071187880188373995
sneaker_vs_ankle_boot,within_footwear,coarse_minus_random,coarse,fc,200,128,32,42,10,5,50,0.001650000000000007,0.008159287934117578,0.0016590814226546335,0.008165992547147624,0.0016499999999999848,0.008159287934117578
sneaker_vs_ankle_boot,within_footwear,fine_minus_random,fine,conv1,10,3136,32,42,10,5,50,-0.00369,0.018351691797671817,-0.0037083527851958942,0.01868439687176301,-0.0036899999999999867,0.018351691797671807
sneaker_vs_ankle_boot,within_footwear,fine_minus_random,fine,conv1,20,3136,32,42,10,5,50,0.0012500000000000022,0.011727018341576592,0.0012459415127147589,0.011815309534218013,0.0012500000000000022,0.011727018341576582
sneaker_vs_ankle_boot,within_footwear,fine_minus_random,fine,conv1,30,3136,32,42,10,5,50,0.0006900000000000061,0.009945714901300933,0.0006984960376239369,0.009974022665732914,0.0006899999999999795,0.009945714901300922
sneaker_vs_ankle_boot,within_footwear,fine_minus_random,fine,conv1,50,3136,32,42,10,5,50,-0.00015000000000000346,0.009347186633377118,-0.00014275813313818108,0.00938140341297055,-0.00015000000000000568,0.009347186633377108
sneaker_vs_ankle_boot,within_footwear,fine_minus_random,fine,conv1,80,3136,32,42,10,5,50,-0.0007900000000000019,0.008568505453945033,-0.0007793355633076504,0.008599780357262988,-0.000790000000000004,0.008568505453945035
sneaker_vs_ankle_boot,within_footwear,fine_minus_random,fine,conv1,110,3136,32,42,10,5,50,-0.0006899999999999995,0.008072307158250538,-0.0006894197546754355,0.008086167789242319,-0.0006899999999999862,0.008072307158250535
sneaker_vs_ankle_boot,within_footwear,fine_minus_random,fine,conv1,150,3136,32,42,10,5,50,-0.00011000000000000343,0.007458244308365434,-0.00010759860928282627,0.007476899677682518,-0.00010999999999999011,0.007458244308365444
sneaker_vs_ankle_boot,within_footwear,fine_minus_random,fine,conv1,200,3136,32,42,10,5,50,-0.0013999999999999991,0.006336644318919116,-0.001399054954015524,0.006335195502087694,-0.0013999999999999857,0.00633664431891909
sneaker_vs_ankle_boot,within_footwear,fine_minus_random,fine,conv2,10,1568,32,42,10,5,50,-0.014780000000000001,0.027946223869629125,-0.015085056752840505,0.028606428060525702,-0.014780000000000005,0.02794622386962912
sneaker_vs_ankle_boot,within_footwear,fine_minus_random,fine,conv2,20,1568,32,42,10,5,50,-0.008700000000000006,0.01881081972630408,-0.00883054269887298,0.019002390761476577,-0.008699999999999996,0.018810819726304075
sneaker_vs_ankle_boot,within_footwear,fine_minus_random,fine,conv2,30,1568,32,42,10,5,50,-0.003330000000000011,0.015955169976518337,-0.0033620970637175795,0.016043390491208207,-0.003330000000000004,0.015955169976518333
sneaker_vs_ankle_boot,within_footwear,fine_minus_random,fine,conv2,50,1568,32,42,10,5,50,-0.004240000000000002,0.013400517809063225,-0.0042509736031902156,0.013428164336627572,-0.004239999999999999,0.013400517809063211
sneaker_vs_ankle_boot,within_footwear,fine_minus_random,fine,conv2,80,1568,32,42,10,5,50,-0.0017200000000000125,0.013701318274128944,-0.0017280357809045888,0.013720229912980692,-0.0017199999999999993,0.013701318274128916
sneaker_vs_ankle_boot,within_footwear,fine_minus_random,fine,conv2,110,1568,32,42,10,5,50,-0.0021300000000000095,0.013471742914072295,-0.0021386018973948984,0.013498347838017696,-0.002130000000000001,0.013471742914072308
sneaker_vs_ankle_boot,within_footwear,fine_minus_random,fine,conv2,150,1568,32,42,10,5,50,-0.000700000000000014,0.012509180302351331,-0.0006957840039394569,0.01251926945025881,-0.0006999999999999873,0.012509180302351321
sneaker_vs_ankle_boot,within_footwear,fine_minus_random,fine,conv2,200,1568,32,42,10,5,50,-0.0019600000000000086,0.011860946033783567,-0.0019582273684732466,0.011869055673423466,-0.001959999999999991,0.01186094603378356
sneaker_vs_ankle_boot,within_footwear,fine_minus_random,fine,fc,10,128,32,42,10,5,50,0.04978,0.025885572374256233,0.05034289185860697,0.026494360608637427,0.04978,0.02588557237425622
sneaker_vs_ankle_boot,within_footwear,fine_minus_random,fine,fc,20,128,32,42,10,5,50,0.04832999999999999,0.017161480955075793,0.048476688964992076,0.017230985155643308,0.048329999999999984,0.017161480955075768
sneaker_vs_ankle_boot,within_footwear,fine_minus_random,fine,fc,30,128,32,42,10,5,50,0.049449999999999994,0.01551603844348138,0.04957410885486553,0.01563102754057997,0.049449999999999994,0.015516038443481374
sneaker_vs_ankle_boot,within_footwear,fine_minus_random,fine,fc,50,128,32,42,10,5,50,0.04510999999999998,0.012635102545152967,0.045149484233452136,0.012668060670628242,0.045109999999999956,0.01263510254515293
sneaker_vs_ankle_boot,within_footwear,fine_minus_random,fine,fc,80,128,32,42,10,5,50,0.046069999999999986,0.01089280327855536,0.046112741592708534,0.010911178614643623,0.046069999999999965,0.010892803278555357
sneaker_vs_ankle_boot,within_footwear,fine_minus_random,fine,fc,110,128,32,42,10,5,50,0.04442,0.008720934231924417,0.04444685973096659,0.008725615275764131,0.04441999999999997,0.008720934231924408
sneaker_vs_ankle_boot,within_footwear,fine_minus_random,fine,fc,150,128,32,42,10,5,50,0.04108999999999998,0.008150804392506188,0.041113916542119,0.008164463424607412,0.04108999999999997,0.00815080439250618
sneaker_vs_ankle_boot,within_footwear,fine_minus_random,fine,fc,200,128,32,42,10,5,50,0.04049999999999998,0.008264751808068982,0.04051943311438287,0.00827322277963648,0.04049999999999995,0.008264751808068977
sneaker_vs_non_footwear,cross_pooled,coarse_minus_random,coarse,conv1,10,3136,32,42,10,5,50,0.0028575000000000015,0.013169470579986992,0.004493538923922092,0.02200326685751613,0.0016414285714285671,0.008383763015438962
sneaker_vs_non_footwear,cross_pooled,coarse_minus_random,coarse,conv1,20,3136,32,42,10,5,50,3.0000000000007797e-05,0.00905952396595959,9.197974032524315e-06,0.016624173149223594,-0.0002228571428571402,0.005385389864253494
sneaker_vs_non_footwear,cross_pooled,coarse_minus_random,coarse,conv1,30,3136,32,42,10,5,50,-0.0002324999999999977,0.006464088888084786,-0.0006816008779465977,0.011706622063554706,-0.0012557142857142934,0.003426265320162513
sneaker_vs_non_footwear,cross_pooled,coarse_minus_random,coarse,conv1,50,3136,32,42,10,5,50,-0.0012625000000000065,0.00556783595249334,-0.0024758063447317346,0.011020857390347683,-0.0006700000000000039,0.003485851990301989
sneaker_vs_non_footwear,cross_pooled,coarse_minus_random,coarse,conv1,80,3136,32,42,10,5,50,-0.0004174999999999973,0.004217054931574686,-0.0008331224874456233,0.008455875664057826,-0.0001785714285714368,0.0025086792282435657
sneaker_vs_non_footwear,cross_pooled,coarse_minus_random,coarse,conv1,110,3136,32,42,10,5,50,-0.00030250000000000556,0.0029036494015185076,-0.0006257791846842653,0.005887130301411429,-0.00027571428571429026,0.0018528774744822083
sneaker_vs_non_footwear,cross_pooled,coarse_minus_random,coarse,conv1,150,3136,32,42,10,5,50,5.499999999999616e-05,0.0025666075839122595,0.00010080733359411731,0.005299945203755925,-0.0001314285714285668,0.0017165534078008085
sneaker_vs_non_footwear,cross_pooled,coarse_minus_random,coarse,conv1,200,3136,32,42,10,5,50,-0.00023249999999999326,0.0022652558196749944,-0.0005125194770060571,0.004746123569197798,-0.0003557142857142814,0.0014859112058330348
sneaker_vs_non_footwear,cross_pooled,coarse_minus_random,coarse,conv2,10,1568,32,42,10,5,50,0.019714999999999996,0.041452771872558386,0.036730529417834265,0.059891306650302456,0.014762857142857135,0.02505059204089462
sneaker_vs_non_footwear,cross_pooled,coarse_minus_random,coarse,conv2,20,1568,32,42,10,5,50,0.011034999999999996,0.01594459955916236,0.022291017304419423,0.030303332464150425,0.008114285714285723,0.00950988656735443
sneaker_vs_non_footwear,cross_pooled,coarse_minus_random,coarse,conv2,30,1568,32,42,10,5,50,0.009980000000000004,0.013299037098794106,0.02035598119543598,0.025948765491174274,0.0070914285714285775,0.007881396967486177
sneaker_vs_non_footwear,cross_pooled,coarse_minus_random,coarse,conv2,50,1568,32,42,10,5,50,0.006985000000000002,0.009313613308332221,0.014619701073168062,0.018697757751212546,0.005688571428571423,0.005909295651235506
sneaker_vs_non_footwear,cross_pooled,coarse_minus_random,coarse,conv2,80,1568,32,42,10,5,50,0.007097499999999996,0.007547565579275841,0.014885252481843114,0.015453949470386294,0.004612857142857136,0.004343034799573231
sneaker_vs_non_footwear,cross_pooled,coarse_minus_random,coarse,conv2,110,1568,32,42,10,5,50,0.006182499999999995,0.007014389819564949,0.012988781761032764,0.014252336147666907,0.0040557142857142936,0.004372976773803308
sneaker_vs_non_footwear,cross_pooled,coarse_minus_random,coarse,conv2,150,1568,32,42,10,5,50,0.005285000000000011,0.005691138385459366,0.011214189288510146,0.011780235856014192,0.0033114285714285763,0.003614572062545619
sneaker_vs_non_footwear,cross_pooled,coarse_minus_random,coarse,conv2,200,1568,32,42,10,5,50,0.005027500000000009,0.005442960839844575,0.010776593533724845,0.01147042350959772,0.003001428571428568,0.0034830609913151277
sneaker_vs_non_footwear,cross_pooled,coarse_minus_random,coarse,fc,10,128,32,42,10,5,50,0.026387500000000008,0.021663051192982855,0.05218368478048358,0.03804023164473877,0.01805285714285717,0.013160621550677867
sneaker_vs_non_footwear,cross_pooled,coarse_minus_random,coarse,fc,20,128,32,42,10,5,50,0.012237500000000005,0.006643445154466781,0.02622209270346265,0.01331243828254207,0.00926428571428571,0.0055945965556574995
sneaker_vs_non_footwear,cross_pooled,coarse_minus_random,coarse,fc,30,128,32,42,10,5,50,0.009720000000000015,0.0041054779234081734,0.021217903394416274,0.00863857657945647,0.00780857142857144,0.004723121854237842
sneaker_vs_non_footwear,cross_pooled,coarse_minus_random,coarse,fc,50,128,32,42,10,5,50,0.008247500000000003,0.0036222711403601157,0.01809285777372073,0.007726314548949474,0.006204285714285715,0.0027088717680478604
sneaker_vs_non_footwear,cross_pooled,coarse_minus_random,coarse,fc,80,128,32,42,10,5,50,0.007247500000000011,0.0033363231701857604,0.015952140000473278,0.007103373754009848,0.005247142857142863,0.0022965400518851335
sneaker_vs_non_footwear,cross_pooled,coarse_minus_random,coarse,fc,110,128,32,42,10,5,50,0.006250000000000006,0.003225575411410174,0.013792360057364299,0.006904385577836592,0.004325714285714289,0.0017056487966683107
sneaker_vs_non_footwear,cross_pooled,coarse_minus_random,coarse,fc,150,128,32,42,10,5,50,0.006212500000000005,0.0036078720974320336,0.013688755387415028,0.007685557813537209,0.004270000000000019,0.0018416764586265137
sneaker_vs_non_footwear,cross_pooled,coarse_minus_random,coarse,fc,200,128,32,42,10,5,50,0.005457500000000001,0.00248112903241855,0.012104823243005176,0.005373251085295622,0.0037700000000000155,0.0012700938058735794
sneaker_vs_non_footwear,cross_pooled,fine_minus_random,fine,conv1,10,3136,32,42,10,5,50,-0.022624999999999996,0.034779865304688067,-0.035586657008684214,0.0514610006104087,-0.013305714285714277,0.021007133910540026
sneaker_vs_non_footwear,cross_pooled,fine_minus_random,fine,conv1,20,3136,32,42,10,5,50,-0.016207499999999996,0.011918077345026793,-0.02895167819874686,0.020826415830873798,-0.009698571428571431,0.0066970389809255584
sneaker_vs_non_footwear,cross_pooled,fine_minus_random,fine,conv1,30,3136,32,42,10,5,50,-0.014732500000000008,0.012159547615527715,-0.027263177133291395,0.02044387588434327,-0.010244285714285716,0.00753326774152311
sneaker_vs_non_footwear,cross_pooled,fine_minus_random,fine,conv1,50,3136,32,42,10,5,50,-0.013397500000000001,0.010293421281754356,-0.025601836749068276,0.018872339877504734,-0.008307142857142864,0.007770624234872217
sneaker_vs_non_footwear,cross_pooled,fine_minus_random,fine,conv1,80,3136,32,42,10,5,50,-0.01158749999999999,0.00886535657454778,-0.022500760029698794,0.016354035918463145,-0.0073757142857142945,0.005477012846520414
sneaker_vs_non_footwear,cross_pooled,fine_minus_random,fine,conv1,110,3136,32,42,10,5,50,-0.010009999999999996,0.008276736207279893,-0.01997615784523535,0.01584086925028521,-0.006928571428571438,0.005248113046191563
sneaker_vs_non_footwear,cross_pooled,fine_minus_random,fine,conv1,150,3136,32,42,10,5,50,-0.008725,0.007012015926032889,-0.017645414847327418,0.013726838355324948,-0.006185714285714274,0.004645715648409937
sneaker_vs_non_footwear,cross_pooled,fine_minus_random,fine,conv1,200,3136,32,42,10,5,50,-0.009067499999999992,0.00690359129034169,-0.018547738733399263,0.013651027062018537,-0.006449999999999989,0.004683823527007969
sneaker_vs_non_footwear,cross_pooled,fine_minus_random,fine,conv2,10,1568,32,42,10,5,50,-0.004577499999999999,0.04339245215860398,-0.005718736563707021,0.060796556228036154,0.0005214285714285571,0.03035846592897962
sneaker_vs_non_footwear,cross_pooled,fine_minus_random,fine,conv2,20,1568,32,42,10,5,50,-0.006662500000000003,0.015582017410516286,-0.0113607801000685,0.02753933720282327,-0.0018699999999999806,0.012993868816567201
sneaker_vs_non_footwear,cross_pooled,fine_minus_random,fine,conv2,30,1568,32,42,10,5,50,-0.006372500000000003,0.015224122616386648,-0.011085638703829202,0.02765568398411645,-0.002424285714285721,0.01073831523071329
sneaker_vs_non_footwear,cross_pooled,fine_minus_random,fine,conv2,50,1568,32,42,10,5,50,-0.004799999999999988,0.01203033474520277,-0.008768930832066368,0.02284783216817333,-0.0011742857142857143,0.007920341643206208
sneaker_vs_non_footwear,cross_pooled,fine_minus_random,fine,conv2,80,1568,32,42,10,5,50,-0.004077500000000005,0.012313918259764576,-0.007394419659013241,0.022323430773850152,-0.0019357142857142917,0.007165289120469941
sneaker_vs_non_footwear,cross_pooled,fine_minus_random,fine,conv2,110,1568,32,42,10,5,50,-0.002632500000000004,0.008635748626305352,-0.005152669633030533,0.0169145348501211,-0.0012128571428571355,0.005366599816085229
sneaker_vs_non_footwear,cross_pooled,fine_minus_random,fine,conv2,150,1568,32,42,10,5,50,-0.0019574999999999966,0.005505424620781043,-0.003929669812829058,0.011085267772872052,-0.0011185714285714243,0.0036710766016583803
sneaker_vs_non_footwear,cross_pooled,fine_minus_random,fine,conv2,200,1568,32,42,10,5,50,-0.0015949999999999953,0.005031758831539481,-0.003301811578525542,0.010451770247437391,-0.0010228571428571298,0.0035611350202199117
sneaker_vs_non_footwear,cross_pooled,fine_minus_random,fine,fc,10,128,32,42,10,5,50,-0.007824999999999995,0.03509808595571989,-0.011684695093847997,0.06054080107671857,-0.0019428571428571394,0.021088427693656712
sneaker_vs_non_footwear,cross_pooled,fine_minus_random,fine,fc,20,128,32,42,10,5,50,-0.005024999999999999,0.022958827945089983,-0.007967571192227432,0.04296374489889048,-0.0008914285714285763,0.013448563370351649
sneaker_vs_non_footwear,cross_pooled,fine_minus_random,fine,fc,30,128,32,42,10,5,50,-0.0006449999999999823,0.016938332779436682,0.00012371581081499272,0.03310058064307829,0.0015942857142857104,0.010867796675565129
sneaker_vs_non_footwear,cross_pooled,fine_minus_random,fine,fc,50,128,32,42,10,5,50,0.00542,0.006263391775277389,0.011930126429205445,0.013323337940309548,0.00433142857142857,0.0042299767186593125
sneaker_vs_non_footwear,cross_pooled,fine_minus_random,fine,fc,80,128,32,42,10,5,50,0.0064200000000000056,0.00329770328240361,0.014107590642123973,0.0071066983858103245,0.004628571428571438,0.0023383160142697993
sneaker_vs_non_footwear,cross_pooled,fine_minus_random,fine,fc,110,128,32,42,10,5,50,0.00596750000000001,0.0029692095508978326,0.013156519532208264,0.006348281082102737,0.004069999999999991,0.0016546660136796134
sneaker_vs_non_footwear,cross_pooled,fine_minus_random,fine,fc,150,128,32,42,10,5,50,0.006032500000000019,0.0034931428819728544,0.013282461047962102,0.007440516468200393,0.004055714285714289,0.0018472087974899909
sneaker_vs_non_footwear,cross_pooled,fine_minus_random,fine,fc,200,128,32,42,10,5,50,0.005332500000000005,0.0024287828164304428,0.011822426740581773,0.005262041339383282,0.003595714285714289,0.0012791873526639156
