target,condition,family,layer,sample_size,original_feature_count,feature_count,n_sampling_repeats,n_projection_seeds,n_runs,validation_accuracy_mean,validation_accuracy_std,validation_macro_f1_mean,validation_macro_f1_std,test_accuracy_mean,test_accuracy_std,test_macro_f1_mean,test_macro_f1_std,test_target_f1_mean,test_target_f1_std,selected_c_mode,selected_c_mean
footwear,pixels,pixels,pixels,10,784,32,10,5,50,0.90204,0.043345649217914006,0.8740883371520168,0.06471527622400029,0.9027859999999999,0.04217647090451243,0.8754333812037691,0.06265670346446724,0.8175663579380315,0.09935558595992286,1.0,0.91
footwear,pixels,pixels,pixels,20,784,32,10,5,50,0.9367099999999999,0.029479340742497025,0.9226822160411764,0.037499555010257604,0.93672,0.027837553551903628,0.922764836222081,0.03558769022662921,0.8900068821040701,0.05231082229413208,1.0,0.8740000000000001
footwear,pixels,pixels,pixels,30,784,32,10,5,50,0.94733,0.020730439514129444,0.9364843815904905,0.0253188123760548,0.9466160000000001,0.0189771222093061,0.9357159601382375,0.02313977764922848,0.9092826910969174,0.033021330514277816,1.0,0.802
footwear,pixels,pixels,pixels,50,784,32,10,5,50,0.95852,0.015050920373240722,0.9499314479060128,0.018551021340331788,0.957818,0.014524865238758043,0.949222783604598,0.01787153463625292,0.9283424892414547,0.02562805716460532,1.0,0.8740000000000001
footwear,pixels,pixels,pixels,80,784,32,10,5,50,0.96536,0.012824975633505126,0.9584311211657496,0.01569880062476268,0.9636819999999999,0.012630505508005417,0.9565041932039516,0.015329445134909523,0.9388438815773859,0.02177765762389171,1.0,0.73
footwear,pixels,pixels,pixels,110,784,32,10,5,50,0.96881,0.01084486617939474,0.9626714166553577,0.01317230228602884,0.9669160000000001,0.01066647159685576,0.9604498852936575,0.01289824265022727,0.944464433877387,0.018275212393494562,1.0,0.6759999999999999
footwear,pixels,pixels,pixels,150,784,32,10,5,50,0.97214,0.009194630198642908,0.96682507180096,0.010910579793449818,0.9700019999999999,0.009168724345428272,0.9642884449296407,0.010895976401432713,0.9500073562126355,0.015239903685107714,1.0,0.5860000000000001
footwear,pixels,pixels,pixels,200,784,32,10,5,50,0.9737299999999999,0.007763211254345196,0.9687278544345065,0.009202262584951272,0.9716039999999999,0.00816595620955234,0.9662202002609255,0.009675426618320338,0.9527366008212649,0.013501514854438429,0.1,0.514
footwear,random_conv1,random,conv1,10,3136,32,10,5,50,0.92647,0.029605124004924196,0.9080012511417658,0.04071860333494379,0.926738,0.02900377800865794,0.9083920670084547,0.04002685401934329,0.8675687755909028,0.06136052657326189,1.0,0.9279999999999999
footwear,random_conv1,random,conv1,20,3136,32,10,5,50,0.95011,0.0253152148329975,0.9392058008756191,0.03191380684326992,0.950096,0.023329371519828904,0.9392157536765678,0.029618702125297856,0.9135370065849721,0.04332855573783616,1.0,0.8739999999999999
footwear,random_conv1,random,conv1,30,3136,32,10,5,50,0.9614499999999999,0.016488477733228857,0.9536664916400123,0.020480104799350408,0.960912,0.015356865645338554,0.9530582535241939,0.019195160580425603,0.9338905444429818,0.027830937146359456,1.0,0.6940000000000001
footwear,random_conv1,random,conv1,50,3136,32,10,5,50,0.9772499999999998,0.009605615916892435,0.9728941200604139,0.011517713544766238,0.9758720000000001,0.008800256025960214,0.971297471808496,0.010463205271177027,0.9598418754042395,0.014639798519234696,1.0,0.748
footwear,random_conv1,random,conv1,80,3136,32,10,5,50,0.9817800000000001,0.00696650880269014,0.9783207333901116,0.008334230229946797,0.9802639999999999,0.006693394855667596,0.976543394988408,0.007929419733373862,0.9672034624619249,0.011063306802088304,1.0,0.7479999999999998
footwear,random_conv1,random,conv1,110,3136,32,10,5,50,0.9849199999999999,0.005136265617138188,0.9820585209972796,0.006139889107691377,0.983396,0.004540249026704352,0.9802583346191374,0.005410548821113212,0.9723887888587488,0.007582436734012643,1.0,0.7659999999999999
footwear,random_conv1,random,conv1,150,3136,32,10,5,50,0.9857899999999999,0.004488181759933982,0.9831237197468397,0.0053257478754039555,0.9849699999999999,0.003819886204096253,0.9821596957361955,0.004511793490670501,0.9750797104836708,0.0062804413228238305,1.0,0.784
footwear,random_conv1,random,conv1,200,3136,32,10,5,50,0.98706,0.0038725090743098704,0.9846294293968925,0.004596249187227783,0.986006,0.003413204251917273,0.9833824158142486,0.004056520383945398,0.9767800225144603,0.0056731118242679375,1.0,0.7660000000000001
footwear,random_conv2,random,conv2,10,1568,32,10,5,50,0.91229,0.04602639992217421,0.8875879170003337,0.06859163642693918,0.9120299999999999,0.044681856108560694,0.8875218249994687,0.06647794952837131,0.8355071501660071,0.10527847129312813,1.0,0.91
footwear,random_conv2,random,conv2,20,1568,32,10,5,50,0.9429400000000001,0.025702505238015302,0.9307484568505622,0.03213026646152226,0.94253,0.025376023152188527,0.9302533628745533,0.03183411580887879,0.9010488850996694,0.04626251836074303,1.0,0.8739999999999999
footwear,random_conv2,random,conv2,30,1568,32,10,5,50,0.95575,0.02009549903915435,0.9468315694613598,0.02473245653540939,0.9552100000000001,0.019605301761076183,0.9462244312943835,0.024222397849198773,0.9242875839250488,0.034860012931356876,1.0,0.856
footwear,random_conv2,random,conv2,50,1568,32,10,5,50,0.9725100000000001,0.011868105947265149,0.9672367660648754,0.014263895679045215,0.9723299999999999,0.01132831471516016,0.9670743322928591,0.01353888831133743,0.9539249255344927,0.019016791632180643,1.0,0.9640000000000001
footwear,random_conv2,random,conv2,80,1568,32,10,5,50,0.9785800000000002,0.008716838033720867,0.9744544001522817,0.010531862668801252,0.978312,0.008523236905480142,0.9741899397673648,0.010192420491907458,0.9638770341453176,0.014319700895665192,1.0,0.946
footwear,random_conv2,random,conv2,110,1568,32,10,5,50,0.9812299999999999,0.007634648462297213,0.9776221467916651,0.0092016663282827,0.9814360000000001,0.007676993459123741,0.9779135990814786,0.009159571517807594,0.9690942432066559,0.012845950521071384,1.0,0.946
footwear,random_conv2,random,conv2,150,1568,32,10,5,50,0.9833699999999999,0.006513572955994372,0.9801971160390169,0.007822724123049723,0.983396,0.006643700714486877,0.9802620380461121,0.007908381765298766,0.9723978421264805,0.011072035515723493,1.0,0.892
footwear,random_conv2,random,conv2,200,1568,32,10,5,50,0.9840499999999999,0.005864324865016348,0.9810178095187261,0.0070246806814575945,0.9843719999999999,0.005759111326003879,0.9814265787601868,0.006844968583063022,0.9740306252165588,0.009571951076172014,1.0,0.91
footwear,random_fc,random,fc,10,128,32,10,5,50,0.9363900000000001,0.036733359414536954,0.9188522855518348,0.05188059035547381,0.9348259999999999,0.037059262027741686,0.9168361664186037,0.05214592421773807,0.8783645421204784,0.08049193851399394,1.0,0.982
footwear,random_fc,random,fc,20,128,32,10,5,50,0.9552700000000001,0.026224348010416364,0.9448319469933744,0.03401851607338484,0.9534860000000001,0.026845194986767202,0.9425193036316101,0.03518647933704722,0.9174633225934226,0.052390435703777785,1.0,0.91
footwear,random_fc,random,fc,30,128,32,10,5,50,0.9673499999999998,0.01585786677884231,0.960438658630662,0.019963339197573943,0.965942,0.015456365045125042,0.9587211496007104,0.019632955890842914,0.9414785213312225,0.028723539343410754,1.0,0.946
footwear,random_fc,random,fc,50,128,32,10,5,50,0.97807,0.00946206712540735,0.9736737655234627,0.011532990665022697,0.9772580000000002,0.009288946470435296,0.9727027892919338,0.011312933948311432,0.9615550378374147,0.016103727901594332,1.0,0.856
footwear,random_fc,random,fc,80,128,32,10,5,50,0.98218,0.007768828346510883,0.9786745664663576,0.009479167213180071,0.9813980000000001,0.008182646894745104,0.9777376113038159,0.009966025363203125,0.9687130006371382,0.014185711753822489,1.0,0.6579999999999999
footwear,random_fc,random,fc,110,128,32,10,5,50,0.9850000000000001,0.005016299961736988,0.982113205084392,0.006003282221018088,0.9839979999999998,0.005943217365456288,0.9809290588194286,0.0070665124127071224,0.9732796949441499,0.009885306616924749,1.0,0.6940000000000001
footwear,random_fc,random,fc,150,128,32,10,5,50,0.9864199999999999,0.0036913578056021043,0.9838359952018491,0.004416769422140116,0.985402,0.004292826954968721,0.982620719122918,0.005118164654890151,0.9756688157114661,0.007174633706429776,1.0,0.6759999999999999
footwear,random_fc,random,fc,200,128,32,10,5,50,0.9869600000000002,0.0037250393779592397,0.9844821085845098,0.004448875883131118,0.986184,0.004057714245478505,0.9835600876559549,0.004835075792249211,0.9769926192989463,0.006774632080522429,1.0,0.748
footwear,trained_conv1,trained,conv1,10,3136,32,10,5,50,0.91822,0.03862921068786349,0.8970887274683799,0.05597511340185348,0.918356,0.0375102661321687,0.8972430497543165,0.05437291949206484,0.8510198938471458,0.08523265770569846,1.0,0.91
footwear,trained_conv1,trained,conv1,20,3136,32,10,5,50,0.94128,0.029295496624037284,0.9285615918667232,0.03837445755929976,0.9398299999999999,0.028153980760330516,0.926735542378174,0.03712845023247906,0.8958903991440104,0.055575904129929445,1.0,0.9279999999999999
footwear,trained_conv1,trained,conv1,30,3136,32,10,5,50,0.95394,0.01885920984342577,0.9450139070176776,0.022935276066890067,0.9522179999999999,0.018356088796864314,0.9428901793451914,0.02257725815632426,0.9198554305801495,0.03241072219753322,1.0,0.856
footwear,trained_conv1,trained,conv1,50,3136,32,10,5,50,0.96943,0.013126157869238184,0.9636177137387258,0.01562609271332493,0.9686640000000001,0.012063772043534616,0.9627099424012555,0.014400100824706084,0.9478168970286599,0.020211261563269457,1.0,0.838
footwear,trained_conv1,trained,conv1,80,3136,32,10,5,50,0.97577,0.009610904733474288,0.9712509501358545,0.011380067860669387,0.97426,0.008858962946631844,0.9694584658956359,0.010477051389796304,0.9573527401365327,0.01460131816120441,1.0,0.73
footwear,trained_conv1,trained,conv1,110,3136,32,10,5,50,0.9800399999999999,0.0066161830046500706,0.9762965406467946,0.007855115456855329,0.9784280000000001,0.006264934483426995,0.9743901008300014,0.007435621415018106,0.9642225893390123,0.0103892690783189,1.0,0.748
footwear,trained_conv1,trained,conv1,150,3136,32,10,5,50,0.9811,0.00630920933627817,0.9775749708215593,0.007438115259618679,0.9793219999999999,0.006204912142317379,0.9754796631553906,0.007309731031016795,0.9657747078750333,0.010154702073439952,1.0,0.7120000000000001
footwear,trained_conv1,trained,conv1,200,3136,32,10,5,50,0.9824799999999999,0.005415359863294372,0.9792244398362066,0.006372375653624696,0.9807020000000002,0.0054166218103846525,0.9771259370392213,0.006363034993761978,0.9680828653761728,0.008819865602894935,1.0,0.73
footwear,trained_conv2,trained,conv2,10,1568,32,10,5,50,0.9123300000000001,0.03598038155916162,0.8884039701846029,0.05646724683291786,0.9128200000000001,0.03662514470264651,0.8888482508783953,0.056943044579710105,0.8377240210816239,0.0917722385527063,1.0,0.946
footwear,trained_conv2,trained,conv2,20,1568,32,10,5,50,0.9379900000000001,0.017911770727994613,0.9248585488186378,0.022576252964402927,0.938412,0.018737059643434785,0.9251274794441154,0.023903197734150762,0.8936463959472615,0.03514651780980476,1.0,0.8919999999999999
footwear,trained_conv2,trained,conv2,30,1568,32,10,5,50,0.94879,0.013151429657676622,0.9386936171953012,0.016161258869542394,0.9494719999999998,0.013616392281933943,0.9393000223662747,0.017165703281251853,0.9144994835115822,0.025081612691477698,1.0,0.8919999999999999
footwear,trained_conv2,trained,conv2,50,1568,32,10,5,50,0.96521,0.01176734065634411,0.9586063914310913,0.01385303806728807,0.965952,0.009975178173438144,0.9594040242635928,0.011803510266108631,0.943104797581749,0.0164591876328905,1.0,0.91
footwear,trained_conv2,trained,conv2,80,1568,32,10,5,50,0.9715600000000001,0.007544182783943612,0.9661652391505828,0.00898275422832536,0.9719980000000001,0.00671797740455885,0.9666298804164978,0.00804820521359051,0.9532487930117821,0.011328601658477563,1.0,0.9279999999999999
footwear,trained_conv2,trained,conv2,110,1568,32,10,5,50,0.97455,0.007237409898631995,0.9697208149018849,0.008675782788291527,0.9749100000000002,0.006596914863349814,0.9701053577583788,0.007943102774889285,0.9581227329616132,0.011218377693984934,1.0,0.838
footwear,trained_conv2,trained,conv2,150,1568,32,10,5,50,0.97674,0.0068588093213124484,0.9724092803014424,0.008146380741189303,0.977,0.006249408135241,0.9726707838251863,0.007426890914084568,0.9617946887428803,0.010386691898320883,1.0,0.82
footwear,trained_conv2,trained,conv2,200,1568,32,10,5,50,0.9784,0.006483888981662985,0.9743794522904696,0.007693618715476481,0.978378,0.006027531731605424,0.9743155501545218,0.007153530836938008,0.9641018568578175,0.009994046713092189,1.0,0.91
footwear,trained_fc,trained,fc,10,128,32,10,5,50,0.98623,0.014503767983330607,0.9836658744552728,0.017177550873345392,0.983382,0.01620567663203363,0.980271447036781,0.01920693111484307,0.9724473193253549,0.02680036705830162,1.0,0.802
footwear,trained_fc,trained,fc,20,128,32,10,5,50,0.9917300000000001,0.010536239696342127,0.9902013869648587,0.012438602434205167,0.989372,0.012203529767059622,0.9874115068956166,0.014357104001441504,0.9824460662672867,0.019917686426661453,1.0,0.694
footwear,trained_fc,trained,fc,30,128,32,10,5,50,0.99483,0.006790306716645611,0.9938877532618278,0.007948696047851797,0.9931399999999999,0.008022570202438947,0.991886230879235,0.009367637776326005,0.9886977426887271,0.01291779121524317,1.0,0.6040000000000001
footwear,trained_fc,trained,fc,50,128,32,10,5,50,0.9974599999999999,0.003129582354609914,0.9969888093062806,0.0036783613642671275,0.9961659999999999,0.0035811644440754513,0.9954490375520892,0.004207586908302442,0.9936429322192606,0.005831168720640866,1.0,0.5680000000000001
footwear,trained_fc,trained,fc,80,128,32,10,5,50,0.99842,0.001382691843721469,0.9981219585723409,0.0016422151441449504,0.9971099999999999,0.0015999043338746951,0.9965628990112272,0.001894980272702309,0.9951916313301207,0.0026427820409343685,1.0,0.5014
footwear,trained_fc,trained,fc,110,128,32,10,5,50,0.99862,0.001032927284715732,0.998358995794416,0.0012278783618606297,0.9975499999999999,0.0011882503000252983,0.9970853918641486,0.0014109291214265966,0.9959217201958119,0.0019714610346078932,1.0,0.532
footwear,trained_fc,trained,fc,150,128,32,10,5,50,0.99869,0.0008857718875278799,0.9984422549535351,0.0010525115018861135,0.997752,0.001058346804777948,0.9973258758294944,0.0012578317865774486,0.9962584051917008,0.0017587569271830413,1.0,0.44020000000000004
footwear,trained_fc,trained,fc,200,128,32,10,5,50,0.9987499999999998,0.0007643190913940275,0.9985133226535442,0.0009085147094467404,0.997826,0.0008964351166522584,0.9974132392539429,0.0010651381796022194,0.9963799421076444,0.001489046613368778,1.0,0.39699999999999996
tops,pixels,pixels,pixels,10,784,32,10,5,50,0.7964599999999998,0.03825262962816266,0.785011225346534,0.043764635946197186,0.7951679999999999,0.036934063918705455,0.7836530196185809,0.042448009370391476,0.7358455610830675,0.0611325304475902,1.0,0.622
tops,pixels,pixels,pixels,20,784,32,10,5,50,0.8338300000000001,0.03434022601045281,0.8265470102830449,0.03702461543809798,0.8312200000000002,0.032885819783869494,0.8237320190481081,0.035641515511002,0.789260080805747,0.04716806209886178,1.0,0.6579999999999999
tops,pixels,pixels,pixels,30,784,32,10,5,50,0.8469800000000002,0.02951857941385806,0.8408966035173413,0.030331350942731747,0.8448540000000001,0.027441218884691525,0.8386454767589607,0.02822680395593485,0.8078433979289252,0.03381862414794347,1.0,0.6940000000000001
tops,pixels,pixels,pixels,50,784,32,10,5,50,0.8675200000000001,0.018493782739072064,0.8622885011242044,0.019872969806864944,0.86373,0.0175439186509928,0.8583713273303695,0.018975283918029787,0.8311910825331759,0.024790177812760297,0.1,0.514
tops,pixels,pixels,pixels,80,784,32,10,5,50,0.8807500000000001,0.016887457608823053,0.8760920934781637,0.01762150980676968,0.8774780000000001,0.014880315582565268,0.8727054892731557,0.0156529123383675,0.8481866990458381,0.019383812570913588,0.1,0.4420000000000001
tops,pixels,pixels,pixels,110,784,32,10,5,50,0.8889000000000001,0.015056017848999367,0.8846245030501663,0.015594234128819948,0.8846199999999999,0.012603724749097798,0.8801747613262839,0.013160178397241602,0.8571890510585759,0.016066258136345744,0.1,0.3880000000000001
tops,pixels,pixels,pixels,150,784,32,10,5,50,0.8927200000000002,0.012646754847124434,0.8884610152136275,0.013241088821932813,0.88948,0.009820241486701992,0.8851517408040046,0.010285064383885855,0.8629469345211828,0.012728373718960202,0.1,0.42400000000000004
tops,pixels,pixels,pixels,200,784,32,10,5,50,0.8965700000000001,0.012229526831836646,0.8923420490328824,0.01299460166698162,0.8924040000000001,0.009431232524902333,0.8880599491453423,0.010058894422000003,0.8660948380394199,0.012820359183856558,0.1,0.298
tops,random_conv1,random,conv1,10,3136,32,10,5,50,0.82973,0.03951132748972123,0.8212159926290122,0.043553596529729885,0.828664,0.039943147147935565,0.8200909870036297,0.044105027205277744,0.7827697220186985,0.059655786364781346,0.1,0.55
tops,random_conv1,random,conv1,20,3136,32,10,5,50,0.8617200000000002,0.026908605709409953,0.8565744569932963,0.027933589503634535,0.8588740000000001,0.02815987744929271,0.8536132324160755,0.029114262922129264,0.82713557959258,0.0353626597995673,1.0,0.5662
tops,random_conv1,random,conv1,30,3136,32,10,5,50,0.8752000000000001,0.021709585957566748,0.8712114734643552,0.021743887621621886,0.8725280000000002,0.021621739249266355,0.868350520324158,0.021779066072938492,0.8454561452695163,0.024719165562731214,1.0,0.64
tops,random_conv1,random,conv1,50,3136,32,10,5,50,0.88995,0.016675856310051054,0.886237003472827,0.017232540862198383,0.8869940000000001,0.016319131254388494,0.883125576050738,0.01699706291560753,0.862078417523113,0.020673912968530748,0.1,0.514
tops,random_conv1,random,conv1,80,3136,32,10,5,50,0.90149,0.012395888884000613,0.8980207964791854,0.012807882102252722,0.8968979999999999,0.012480932232319632,0.8933006262880699,0.012906567832555638,0.8737740494526439,0.01535348343824827,0.1,0.37000000000000016
tops,random_conv1,random,conv1,110,3136,32,10,5,50,0.90685,0.011325990518470781,0.9035377323336298,0.011613969028640776,0.9020460000000001,0.011294268186896885,0.8986090709391193,0.011546107201156912,0.880003767466414,0.01339237823784028,0.1,0.316
tops,random_conv1,random,conv1,150,3136,32,10,5,50,0.91012,0.008830928950141604,0.9068099258331064,0.009129527431867627,0.905104,0.00880934012678519,0.9017110641712679,0.00904384074054503,0.8835010089934288,0.01063379846089493,0.1,0.316
tops,random_conv1,random,conv1,200,3136,32,10,5,50,0.9123799999999999,0.008716369774213134,0.9090555250941739,0.009199167561690268,0.906808,0.009069051207040267,0.9033774204048118,0.009457286328007101,0.8852295085102106,0.011481580316680026,0.1,0.27820000000000006
tops,random_conv2,random,conv2,10,1568,32,10,5,50,0.82749,0.04969401167060642,0.8209548293255103,0.05168602069176726,0.8238880000000001,0.047265401938502156,0.81746232669142,0.04910761131732893,0.7846776283035637,0.05960921807263153,1.0,0.7101999999999999
tops,random_conv2,random,conv2,20,1568,32,10,5,50,0.8684400000000001,0.02565839958742078,0.864513398171201,0.026339363275822952,0.8632400000000001,0.023408615194114378,0.8592651839874621,0.024023278698516996,0.8365227808016509,0.02876900486139153,1.0,0.64
tops,random_conv2,random,conv2,30,1568,32,10,5,50,0.87816,0.029932140939540053,0.8743686218282781,0.030744027083198202,0.87252,0.026884355514472942,0.8686553500616732,0.02763666794130459,0.8466765090496424,0.032569549985639636,1.0,0.64
tops,random_conv2,random,conv2,50,1568,32,10,5,50,0.8999300000000001,0.017767204941368003,0.896489268612852,0.018507296417707115,0.8935580000000001,0.016467061619103347,0.8899845309826345,0.01725030388059704,0.8704073234374259,0.021131500838682524,1.0,0.6579999999999999
tops,random_conv2,random,conv2,80,1568,32,10,5,50,0.91,0.013905658809951286,0.906855965522345,0.014412120101336984,0.9042619999999999,0.012505050245107101,0.9010089384626948,0.013027240245864163,0.8831393826248789,0.01571672985686603,1.0,0.64
tops,random_conv2,random,conv2,110,1568,32,10,5,50,0.91699,0.008169436570385451,0.9140042870509426,0.008406069063634228,0.9100060000000001,0.00858055252490497,0.9068545660129596,0.008806163340562377,0.8897689326523607,0.01033182788850332,1.0,0.6039999999999999
tops,random_conv2,random,conv2,150,1568,32,10,5,50,0.92006,0.007919003235565573,0.9171380164800502,0.008119707532916251,0.9135320000000001,0.007774170734698646,0.910438202722619,0.007969560499259475,0.893838484094533,0.009343089976458094,1.0,0.5860000000000001
tops,random_conv2,random,conv2,200,1568,32,10,5,50,0.9220999999999998,0.006728707914903256,0.9191608748171798,0.006876834109301889,0.91491,0.007079901129253149,0.9117959888064283,0.007254581992909208,0.8952738397064351,0.008528849605383568,1.0,0.6040000000000001
tops,random_fc,random,fc,10,128,32,10,5,50,0.79574,0.05452898873301153,0.7848271487501591,0.06072193076438886,0.7917740000000001,0.053131534162387785,0.7807978214883435,0.059464150969835664,0.735075243999153,0.08255375210558896,1.0,0.622
tops,random_fc,random,fc,20,128,32,10,5,50,0.84434,0.03324160781003106,0.8390599313963256,0.03623846232469636,0.840034,0.03325897521952625,0.8347624232857629,0.03638201524133576,0.8074763606766078,0.048899387349124586,1.0,0.6579999999999999
tops,random_fc,random,fc,30,128,32,10,5,50,0.8658500000000001,0.024232136277502005,0.8619465505152881,0.024469426223119126,0.8618299999999999,0.022668410547162187,0.8579355880754642,0.022899836100832766,0.8351842953843591,0.026183775086653076,1.0,0.6742
tops,random_fc,random,fc,50,128,32,10,5,50,0.88993,0.019905647337335384,0.8863653264093715,0.019961671209292754,0.8840439999999999,0.019028337192895508,0.8804323910733025,0.019066816118307333,0.8600362806335415,0.020954689699882196,1.0,0.64
tops,random_fc,random,fc,80,128,32,10,5,50,0.9036,0.014844087670702786,0.900265973802224,0.015002324482428966,0.898342,0.013526151390124662,0.8949176128766929,0.013619503622398431,0.8760817708510358,0.015169383905616257,1.0,0.6579999999999999
tops,random_fc,random,fc,110,128,32,10,5,50,0.9088499999999999,0.012681840624793132,0.9055765168562986,0.012909563993944483,0.9023479999999999,0.012249485453583389,0.8989208640625885,0.012399430554904115,0.8804073539470249,0.014053054409268418,1.0,0.622
tops,random_fc,random,fc,150,128,32,10,5,50,0.9124099999999999,0.011765866404345163,0.9092629258160824,0.011882806243047597,0.9065639999999999,0.01133122397337083,0.9032828661400599,0.011360018139341645,0.8855750910579353,0.012585488931718321,1.0,0.64
tops,random_fc,random,fc,200,128,32,10,5,50,0.9144199999999999,0.011188715160320049,0.9113470479171106,0.011343420568576682,0.90869,0.010210223967640856,0.9054699529984905,0.010203930540524252,0.8881112672004268,0.011218595574515336,1.0,0.622
tops,trained_conv1,trained,conv1,10,3136,32,10,5,50,0.8177800000000001,0.04432488590176044,0.8081186670235535,0.05031068809782168,0.8159000000000001,0.043525197956389095,0.8059974178027309,0.049718543131675785,0.7645026637120546,0.07014084503195434,1.0,0.64
tops,trained_conv1,trained,conv1,20,3136,32,10,5,50,0.8508500000000001,0.03167263191218719,0.8445575341428179,0.034377451871613215,0.8488220000000001,0.03341000882663634,0.8423580043777646,0.03606948742999068,0.8119178143074732,0.04696457609014767,0.1,0.55
tops,trained_conv1,trained,conv1,30,3136,32,10,5,50,0.86807,0.022991793123208284,0.8635066416545985,0.02354975881755309,0.865646,0.02433593303604145,0.8609354627046812,0.024960230570672877,0.8359477305601781,0.02947732305953705,1.0,0.6940000000000001
tops,trained_conv1,trained,conv1,50,3136,32,10,5,50,0.8871000000000001,0.01645494777027411,0.8834045516171362,0.017027281016335487,0.8843259999999998,0.015920475969707713,0.8804626588405445,0.01646672261124065,0.8591935692626796,0.019787388264635677,0.1,0.5320000000000001
tops,trained_conv1,trained,conv1,80,3136,32,10,5,50,0.8967399999999999,0.012445489306637681,0.8931748220075328,0.012771928697811309,0.8932119999999999,0.012082752761093567,0.8894979141486303,0.012496965274915145,0.8692922934550927,0.01486555901831004,0.1,0.3520000000000001
tops,trained_conv1,trained,conv1,110,3136,32,10,5,50,0.9042699999999999,0.008957501701629423,0.9009117030153273,0.009154091710948165,0.899958,0.009316106088546935,0.8964361766480262,0.009591604937466339,0.8773983969300275,0.011355792073570422,0.1,0.4060000000000001
tops,trained_conv1,trained,conv1,150,3136,32,10,5,50,0.90643,0.008373311587345576,0.9030360404514721,0.008842509273840692,0.90218,0.008372623025464038,0.8987015291946294,0.008775050069458508,0.8800088428472074,0.010840330187408015,0.1,0.29800000000000004
tops,trained_conv1,trained,conv1,200,3136,32,10,5,50,0.90845,0.00850345068012909,0.9051314642822373,0.008798692844728532,0.9043760000000001,0.0084724417606588,0.9009497589183043,0.008841737032597045,0.882589942283397,0.010788845934071783,0.1,0.262
tops,trained_conv2,trained,conv2,10,1568,32,10,5,50,0.8626599999999999,0.032839038490485556,0.8567398474184387,0.03572217831863505,0.85898,0.03150044379344001,0.8528948176983188,0.03455991601151128,0.8242269635784021,0.04613290599785872,0.1,0.55
tops,trained_conv2,trained,conv2,20,1568,32,10,5,50,0.8835500000000001,0.020648726303556447,0.8794096599125945,0.02200264599374678,0.878622,0.019924861815514477,0.8743320243290995,0.021122899964147474,0.8517745659389999,0.02685179439248682,0.1,0.47800000000000004
tops,trained_conv2,trained,conv2,30,1568,32,10,5,50,0.89236,0.016782230641548303,0.8887104311838122,0.017701365770117758,0.8889160000000002,0.015028630635407549,0.8851368664978194,0.01587064989101939,0.8645426747757334,0.019943038764909257,0.1,0.4042000000000001
tops,trained_conv2,trained,conv2,50,1568,32,10,5,50,0.90589,0.011897217133019137,0.9026185933314222,0.012539557050720282,0.90264,0.009894381006925301,0.8991834831587413,0.010603996436042764,0.8806392452959774,0.013672479880104536,0.1,0.3502000000000001
tops,trained_conv2,trained,conv2,80,1568,32,10,5,50,0.9111499999999999,0.009460039478711265,0.9080631479301967,0.009838584683110023,0.9086359999999999,0.008073988468899269,0.9054007322888272,0.008330711937356596,0.8879726056328521,0.009952925541315953,0.1,0.31060000000000004
tops,trained_conv2,trained,conv2,110,1568,32,10,5,50,0.91594,0.008942925604484649,0.9130732330878192,0.009148534828217874,0.9129120000000001,0.006663719620727857,0.9098628451456016,0.00681753796076538,0.8933256000243115,0.0079828653381794,0.1,0.2728
tops,trained_conv2,trained,conv2,150,1568,32,10,5,50,0.9195700000000001,0.00880225504501836,0.9167556710254007,0.009092956265601622,0.9157659999999999,0.006778044086065913,0.9127399219203329,0.0069621548731903515,0.896531428282955,0.008213935635444383,0.1,0.20079999999999998
tops,trained_conv2,trained,conv2,200,1568,32,10,5,50,0.9211800000000001,0.009469478359876186,0.9184185344106172,0.009697986589470164,0.917512,0.006742876513289369,0.9145426229585868,0.006902326515022821,0.898655048523667,0.008072519886966669,0.1,0.217
tops,trained_fc,trained,fc,10,128,32,10,5,50,0.9313400000000001,0.0205898825957343,0.9284199972594855,0.0224609948674653,0.929428,0.02032390810883395,0.9262963166504343,0.022291625453693106,0.9115762621884776,0.029196657469347524,1.0,0.622
tops,trained_fc,trained,fc,20,128,32,10,5,50,0.94375,0.01050036442516278,0.9416691049995027,0.010848397730261874,0.940972,0.010725651875912498,0.9386791653353529,0.011110218574234004,0.9269571122118808,0.013305576216781216,0.1,0.4366000000000001
tops,trained_fc,trained,fc,30,128,32,10,5,50,0.95156,0.009372473809305764,0.9498974898521522,0.009378277211145845,0.9487159999999999,0.008283949565766516,0.9468267629003421,0.008361350637753433,0.936867151890013,0.009386243508050132,1.0,0.5248
tops,trained_fc,trained,fc,50,128,32,10,5,50,0.95596,0.00647510144905161,0.9543970096733169,0.006462638226836095,0.9531199999999999,0.006235448366118562,0.9513543294031035,0.006240189088457639,0.9421219864394385,0.006869066698473667,1.0,0.5176000000000001
tops,trained_fc,trained,fc,80,128,32,10,5,50,0.95992,0.005840883355054013,0.9584649569722709,0.005873325310708771,0.9575520000000001,0.005143342834208508,0.9559228853941875,0.0051491206209842676,0.94747195684414,0.005668980954572897,1.0,0.6112000000000001
tops,trained_fc,trained,fc,110,128,32,10,5,50,0.96166,0.005536004600682292,0.9602802006016414,0.005577870633830653,0.959182,0.005148199209630569,0.9576137292506836,0.005196179508581372,0.9494764749550174,0.005830328415412542,1.0,0.6256
tops,trained_fc,trained,fc,150,128,32,10,5,50,0.96479,0.004459671901540265,0.9634973899427233,0.004518731802073637,0.962344,0.003850796896058507,0.9608723706591624,0.003918000350867938,0.9532978555980258,0.004497513355127089,1.0,0.8001999999999999
tops,trained_fc,trained,fc,200,128,32,10,5,50,0.96597,0.0038444367438613142,0.9647205844391822,0.00391731711031953,0.963912,0.003338192105109024,0.9625062400865514,0.0034120088201900897,0.9552526746928313,0.003946443447597739,1.0,0.8740000000000001
